  **** HLS Build v2025.2 6295257
INFO: [HLS 200-2005] Using work_dir /home/MakerIris/Documents/FPGA_Audio_Mix/FPGA_Mix_Hardware/FPGA_Mix_Hardware 
INFO: [HLS 200-2176] Writing Vitis IDE component file /home/MakerIris/Documents/FPGA_Audio_Mix/FPGA_Mix_Hardware/FPGA_Mix_Hardware/vitis-comp.json
INFO: [HLS 200-10] Creating and opening component '/home/MakerIris/Documents/FPGA_Audio_Mix/FPGA_Mix_Hardware/FPGA_Mix_Hardware'.
INFO: [HLS 200-1505] Using default flow_target 'vivado'
Resolution: For help on HLS 200-1505 see docs.amd.com/access/sources/dita/topic?Doc_Version=2025.2%20English&url=ug1448-hls-guidance&resourceid=200-1505.html
INFO: [HLS 200-2174] Applying component config ini file hls_config.cfg
WARNING: [HLS 200-2001] file not found 'hw_mixer_tb.cpp' see [hls] from hls_config.cfg(8)
INFO: [HLS 200-1465] Applying config ini 'syn.file=hw_mixer.cpp' from hls_config.cfg(10)
INFO: [HLS 200-10] Adding design file '/home/MakerIris/Documents/FPGA_Audio_Mix/FPGA_Mix_Hardware/hw_mixer.cpp' to the project
INFO: [HLS 200-1465] Applying config ini 'syn.file=hw_mixer.h' from hls_config.cfg(11)
INFO: [HLS 200-10] Adding design file '/home/MakerIris/Documents/FPGA_Audio_Mix/FPGA_Mix_Hardware/hw_mixer.h' to the project
INFO: [HLS 200-1465] Applying config ini 'tb.file=hw_mixer_tb.cpp' from hls_config.cfg(8)
WARNING: [HLS 200-40] Cannot find test bench file 'hw_mixer_tb.cpp'
INFO: [HLS 200-1465] Applying config ini 'tb.file=mixer_tb.cpp' from hls_config.cfg(9)
INFO: [HLS 200-10] Adding test bench file '/home/MakerIris/Documents/FPGA_Audio_Mix/FPGA_Mix_Hardware/mixer_tb.cpp' to the project
INFO: [HLS 200-1465] Applying config ini 'syn.top=mixer' from hls_config.cfg(7)
INFO: [HLS 200-1465] Applying config ini 'flow_target=vivado' from hls_config.cfg(4)
INFO: [HLS 200-1505] Using flow_target 'vivado'
Resolution: For help on HLS 200-1505 see docs.amd.com/access/sources/dita/topic?Doc_Version=2025.2%20English&url=ug1448-hls-guidance&resourceid=200-1505.html
INFO: [HLS 200-1465] Applying config ini 'part=xczu3eg-sfvc784-2-e' from hls_config.cfg(1)
INFO: [HLS 200-1611] Setting target device to 'xczu3eg-sfvc784-2-e'
INFO: [HLS 200-1465] Applying config ini 'package.output.format=ip_catalog' from hls_config.cfg(5)
INFO: [HLS 200-2176] Writing Vitis IDE component file /home/MakerIris/Documents/FPGA_Audio_Mix/FPGA_Mix_Hardware/FPGA_Mix_Hardware/vitis-comp.json
INFO: [SIM 211-2] *************** CSIM start ***************
INFO: [HLS 200-2191] C-Simulation will use clang-16 as the compiler
INFO: [HLS 200-2036] Building debug C Simulation binaries
   Compiling ../../../../mixer_tb.cpp in debug mode
../../../../mixer_tb.cpp:56:179: warning: comparison between NULL and non-pointer ('audio_stream' (aka 'axis<ap_uint<32UL>, 2UL, 5UL, 6UL, '8', false>') and NULL) [-Wnull-arithmetic]
    if( (in1 == NULL) || (in2 == NULL) || (in3 == NULL) || (in4 == NULL) || (in5 == NULL) || (in6 == NULL) || (in7 == NULL) || (in8 == NULL) || (sw_result == NULL) || (hw_result == NULL) )
                                                                                                                                                                        ~~~~~~~~~ ^  ~~~~
../../../../mixer_tb.cpp:56:179: error: invalid operands to binary expression ('audio_stream' (aka 'axis<ap_uint<32UL>, 2UL, 5UL, 6UL, '8', false>') and 'long')
    if( (in1 == NULL) || (in2 == NULL) || (in3 == NULL) || (in4 == NULL) || (in5 == NULL) || (in6 == NULL) || (in7 == NULL) || (in8 == NULL) || (sw_result == NULL) || (hw_result == NULL) )
                                                                                                                                                                        ~~~~~~~~~ ^  ~~~~
/home/MakerIris/.var/app/com.github.corna.Vivado/data/xilinx-install/2025.2/Vitis/include/etc/ap_private.h:7181:1: note: candidate template ignored: could not match 'ap_private' against 'axis'
OPS_MIX_INT(bool, 1, false)
^
/home/MakerIris/.var/app/com.github.corna.Vivado/data/xilinx-install/2025.2/Vitis/include/etc/ap_private.h:7178:3: note: expanded from macro 'OPS_MIX_INT'
  OP_REL_MIX_INT(==, C_TYPE, (_AP_W2), (_AP_S2))         \
  ^
/home/MakerIris/.var/app/com.github.corna.Vivado/data/xilinx-install/2025.2/Vitis/include/etc/ap_private.h:7105:38: note: expanded from macro 'OP_REL_MIX_INT'
  HLS_CONSTEXPR_EXTRA AP_INLINE bool operator REL_OP(const ap_private<_AP_W, _AP_S>& op,          \
                                     ^
/home/MakerIris/.var/app/com.github.corna.Vivado/data/xilinx-install/2025.2/Vitis/include/etc/ap_private.h:7181:1: note: candidate template ignored: could not match 'ap_private<_AP_W, _AP_S, false>' against 'long'
/home/MakerIris/.var/app/com.github.corna.Vivado/data/xilinx-install/2025.2/Vitis/include/etc/ap_private.h:7178:3: note: expanded from macro 'OPS_MIX_INT'
  OP_REL_MIX_INT(==, C_TYPE, (_AP_W2), (_AP_S2))         \
  ^
/home/MakerIris/.var/app/com.github.corna.Vivado/data/xilinx-install/2025.2/Vitis/include/etc/ap_private.h:7110:38: note: expanded from macro 'OP_REL_MIX_INT'
  HLS_CONSTEXPR_EXTRA AP_INLINE bool operator REL_OP(C_TYPE op2,                                  \
                                     ^
/home/MakerIris/.var/app/com.github.corna.Vivado/data/xilinx-install/2025.2/Vitis/include/etc/ap_private.h:7182:1: note: candidate template ignored: could not match 'ap_private' against 'axis'
OPS_MIX_INT(char, 8, CHAR_IS_SIGNED)
^
/home/MakerIris/.var/app/com.github.corna.Vivado/data/xilinx-install/2025.2/Vitis/include/etc/ap_private.h:7178:3: note: expanded from macro 'OPS_MIX_INT'
  OP_REL_MIX_INT(==, C_TYPE, (_AP_W2), (_AP_S2))         \
  ^
/home/MakerIris/.var/app/com.github.corna.Vivado/data/xilinx-install/2025.2/Vitis/include/etc/ap_private.h:7105:38: note: expanded from macro 'OP_REL_MIX_INT'
  HLS_CONSTEXPR_EXTRA AP_INLINE bool operator REL_OP(const ap_private<_AP_W, _AP_S>& op,          \
                                     ^
/home/MakerIris/.var/app/com.github.corna.Vivado/data/xilinx-install/2025.2/Vitis/include/etc/ap_private.h:7182:1: note: candidate template ignored: could not match 'ap_private<_AP_W, _AP_S, false>' against 'long'
/home/MakerIris/.var/app/com.github.corna.Vivado/data/xilinx-install/2025.2/Vitis/include/etc/ap_private.h:7178:3: note: expanded from macro 'OPS_MIX_INT'
  OP_REL_MIX_INT(==, C_TYPE, (_AP_W2), (_AP_S2))         \
  ^
/home/MakerIris/.var/app/com.github.corna.Vivado/data/xilinx-install/2025.2/Vitis/include/etc/ap_private.h:7110:38: note: expanded from macro 'OP_REL_MIX_INT'
  HLS_CONSTEXPR_EXTRA AP_INLINE bool operator REL_OP(C_TYPE op2,                                  \
                                     ^
/home/MakerIris/.var/app/com.github.corna.Vivado/data/xilinx-install/2025.2/Vitis/include/etc/ap_private.h:7183:1: note: candidate template ignored: could not match 'ap_private' against 'axis'
OPS_MIX_INT(signed char, 8, true)
^
/home/MakerIris/.var/app/com.github.corna.Vivado/data/xilinx-install/2025.2/Vitis/include/etc/ap_private.h:7178:3: note: expanded from macro 'OPS_MIX_INT'
  OP_REL_MIX_INT(==, C_TYPE, (_AP_W2), (_AP_S2))         \
  ^
/home/MakerIris/.var/app/com.github.corna.Vivado/data/xilinx-install/2025.2/Vitis/include/etc/ap_private.h:7105:38: note: expanded from macro 'OP_REL_MIX_INT'
  HLS_CONSTEXPR_EXTRA AP_INLINE bool operator REL_OP(const ap_private<_AP_W, _AP_S>& op,          \
                                     ^
/home/MakerIris/.var/app/com.github.corna.Vivado/data/xilinx-install/2025.2/Vitis/include/etc/ap_private.h:7183:1: note: candidate template ignored: could not match 'ap_private<_AP_W, _AP_S, false>' against 'long'
/home/MakerIris/.var/app/com.github.corna.Vivado/data/xilinx-install/2025.2/Vitis/include/etc/ap_private.h:7178:3: note: expanded from macro 'OPS_MIX_INT'
  OP_REL_MIX_INT(==, C_TYPE, (_AP_W2), (_AP_S2))         \
  ^
/home/MakerIris/.var/app/com.github.corna.Vivado/data/xilinx-install/2025.2/Vitis/include/etc/ap_private.h:7110:38: note: expanded from macro 'OP_REL_MIX_INT'
  HLS_CONSTEXPR_EXTRA AP_INLINE bool operator REL_OP(C_TYPE op2,                                  \
                                     ^
/home/MakerIris/.var/app/com.github.corna.Vivado/data/xilinx-install/2025.2/Vitis/include/etc/ap_private.h:7184:1: note: candidate template ignored: could not match 'ap_private' against 'axis'
OPS_MIX_INT(unsigned char, 8, false)
^
/home/MakerIris/.var/app/com.github.corna.Vivado/data/xilinx-install/2025.2/Vitis/include/etc/ap_private.h:7178:3: note: expanded from macro 'OPS_MIX_INT'
  OP_REL_MIX_INT(==, C_TYPE, (_AP_W2), (_AP_S2))         \
  ^
/home/MakerIris/.var/app/com.github.corna.Vivado/data/xilinx-install/2025.2/Vitis/include/etc/ap_private.h:7105:38: note: expanded from macro 'OP_REL_MIX_INT'
  HLS_CONSTEXPR_EXTRA AP_INLINE bool operator REL_OP(const ap_private<_AP_W, _AP_S>& op,          \
                                     ^
/home/MakerIris/.var/app/com.github.corna.Vivado/data/xilinx-install/2025.2/Vitis/include/etc/ap_private.h:7184:1: note: candidate template ignored: could not match 'ap_private<_AP_W, _AP_S, false>' against 'long'
/home/MakerIris/.var/app/com.github.corna.Vivado/data/xilinx-install/2025.2/Vitis/include/etc/ap_private.h:7178:3: note: expanded from macro 'OPS_MIX_INT'
  OP_REL_MIX_INT(==, C_TYPE, (_AP_W2), (_AP_S2))         \
  ^
/home/MakerIris/.var/app/com.github.corna.Vivado/data/xilinx-install/2025.2/Vitis/include/etc/ap_private.h:7110:38: note: expanded from macro 'OP_REL_MIX_INT'
  HLS_CONSTEXPR_EXTRA AP_INLINE bool operator REL_OP(C_TYPE op2,                                  \
                                     ^
/home/MakerIris/.var/app/com.github.corna.Vivado/data/xilinx-install/2025.2/Vitis/include/etc/ap_private.h:7185:1: note: candidate template ignored: could not match 'ap_private' against 'axis'
OPS_MIX_INT(short, sizeof(short) * 8, true)
^
/home/MakerIris/.var/app/com.github.corna.Vivado/data/xilinx-install/2025.2/Vitis/include/etc/ap_private.h:7178:3: note: expanded from macro 'OPS_MIX_INT'
  OP_REL_MIX_INT(==, C_TYPE, (_AP_W2), (_AP_S2))         \
  ^
/home/MakerIris/.var/app/com.github.corna.Vivado/data/xilinx-install/2025.2/Vitis/include/etc/ap_private.h:7105:38: note: expanded from macro 'OP_REL_MIX_INT'
  HLS_CONSTEXPR_EXTRA AP_INLINE bool operator REL_OP(const ap_private<_AP_W, _AP_S>& op,          \
                                     ^
/home/MakerIris/.var/app/com.github.corna.Vivado/data/xilinx-install/2025.2/Vitis/include/etc/ap_private.h:7185:1: note: candidate template ignored: could not match 'ap_private<_AP_W, _AP_S, false>' against 'long'
/home/MakerIris/.var/app/com.github.corna.Vivado/data/xilinx-install/2025.2/Vitis/include/etc/ap_private.h:7178:3: note: expanded from macro 'OPS_MIX_INT'
  OP_REL_MIX_INT(==, C_TYPE, (_AP_W2), (_AP_S2))         \
  ^
/home/MakerIris/.var/app/com.github.corna.Vivado/data/xilinx-install/2025.2/Vitis/include/etc/ap_private.h:7110:38: note: expanded from macro 'OP_REL_MIX_INT'
  HLS_CONSTEXPR_EXTRA AP_INLINE bool operator REL_OP(C_TYPE op2,                                  \
                                     ^
/home/MakerIris/.var/app/com.github.corna.Vivado/data/xilinx-install/2025.2/Vitis/include/etc/ap_private.h:7186:1: note: candidate template ignored: could not match 'ap_private' against 'axis'
OPS_MIX_INT(unsigned short, sizeof(unsigned short) * 8, false)
^
/home/MakerIris/.var/app/com.github.corna.Vivado/data/xilinx-install/2025.2/Vitis/include/etc/ap_private.h:7178:3: note: expanded from macro 'OPS_MIX_INT'
  OP_REL_MIX_INT(==, C_TYPE, (_AP_W2), (_AP_S2))         \
  ^
/home/MakerIris/.var/app/com.github.corna.Vivado/data/xilinx-install/2025.2/Vitis/include/etc/ap_private.h:7105:38: note: expanded from macro 'OP_REL_MIX_INT'
  HLS_CONSTEXPR_EXTRA AP_INLINE bool operator REL_OP(const ap_private<_AP_W, _AP_S>& op,          \
                                     ^
/home/MakerIris/.var/app/com.github.corna.Vivado/data/xilinx-install/2025.2/Vitis/include/etc/ap_private.h:7186:1: note: candidate template ignored: could not match 'ap_private<_AP_W, _AP_S, false>' against 'long'
/home/MakerIris/.var/app/com.github.corna.Vivado/data/xilinx-install/2025.2/Vitis/include/etc/ap_private.h:7178:3: note: expanded from macro 'OPS_MIX_INT'
  OP_REL_MIX_INT(==, C_TYPE, (_AP_W2), (_AP_S2))         \
  ^
/home/MakerIris/.var/app/com.github.corna.Vivado/data/xilinx-install/2025.2/Vitis/include/etc/ap_private.h:7110:38: note: expanded from macro 'OP_REL_MIX_INT'
  HLS_CONSTEXPR_EXTRA AP_INLINE bool operator REL_OP(C_TYPE op2,                                  \
                                     ^
/home/MakerIris/.var/app/com.github.corna.Vivado/data/xilinx-install/2025.2/Vitis/include/etc/ap_private.h:7187:1: note: candidate template ignored: could not match 'ap_private' against 'axis'
OPS_MIX_INT(int, sizeof(int) * 8, true)
^
/home/MakerIris/.var/app/com.github.corna.Vivado/data/xilinx-install/2025.2/Vitis/include/etc/ap_private.h:7178:3: note: expanded from macro 'OPS_MIX_INT'
  OP_REL_MIX_INT(==, C_TYPE, (_AP_W2), (_AP_S2))         \
  ^
/home/MakerIris/.var/app/com.github.corna.Vivado/data/xilinx-install/2025.2/Vitis/include/etc/ap_private.h:7105:38: note: expanded from macro 'OP_REL_MIX_INT'
  HLS_CONSTEXPR_EXTRA AP_INLINE bool operator REL_OP(const ap_private<_AP_W, _AP_S>& op,          \
                                     ^
/home/MakerIris/.var/app/com.github.corna.Vivado/data/xilinx-install/2025.2/Vitis/include/etc/ap_private.h:7187:1: note: candidate template ignored: could not match 'ap_private<_AP_W, _AP_S, false>' against 'long'
/home/MakerIris/.var/app/com.github.corna.Vivado/data/xilinx-install/2025.2/Vitis/include/etc/ap_private.h:7178:3: note: expanded from macro 'OPS_MIX_INT'
  OP_REL_MIX_INT(==, C_TYPE, (_AP_W2), (_AP_S2))         \
  ^
/home/MakerIris/.var/app/com.github.corna.Vivado/data/xilinx-install/2025.2/Vitis/include/etc/ap_private.h:7110:38: note: expanded from macro 'OP_REL_MIX_INT'
  HLS_CONSTEXPR_EXTRA AP_INLINE bool operator REL_OP(C_TYPE op2,                                  \
                                     ^
/home/MakerIris/.var/app/com.github.corna.Vivado/data/xilinx-install/2025.2/Vitis/include/etc/ap_private.h:7188:1: note: candidate template ignored: could not match 'ap_private' against 'axis'
OPS_MIX_INT(unsigned int, sizeof(unsigned int) * 8, false)
^
/home/MakerIris/.var/app/com.github.corna.Vivado/data/xilinx-install/2025.2/Vitis/include/etc/ap_private.h:7178:3: note: expanded from macro 'OPS_MIX_INT'
  OP_REL_MIX_INT(==, C_TYPE, (_AP_W2), (_AP_S2))         \
  ^
/home/MakerIris/.var/app/com.github.corna.Vivado/data/xilinx-install/2025.2/Vitis/include/etc/ap_private.h:7105:38: note: expanded from macro 'OP_REL_MIX_INT'
  HLS_CONSTEXPR_EXTRA AP_INLINE bool operator REL_OP(const ap_private<_AP_W, _AP_S>& op,          \
                                     ^
/home/MakerIris/.var/app/com.github.corna.Vivado/data/xilinx-install/2025.2/Vitis/include/etc/ap_private.h:7188:1: note: candidate template ignored: could not match 'ap_private<_AP_W, _AP_S, false>' against 'long'
/home/MakerIris/.var/app/com.github.corna.Vivado/data/xilinx-install/2025.2/Vitis/include/etc/ap_private.h:7178:3: note: expanded from macro 'OPS_MIX_INT'
  OP_REL_MIX_INT(==, C_TYPE, (_AP_W2), (_AP_S2))         \
  ^
/home/MakerIris/.var/app/com.github.corna.Vivado/data/xilinx-install/2025.2/Vitis/include/etc/ap_private.h:7110:38: note: expanded from macro 'OP_REL_MIX_INT'
  HLS_CONSTEXPR_EXTRA AP_INLINE bool operator REL_OP(C_TYPE op2,                                  \
                                     ^
/home/MakerIris/.var/app/com.github.corna.Vivado/data/xilinx-install/2025.2/Vitis/include/etc/ap_private.h:7189:1: note: candidate template ignored: could not match 'ap_private' against 'axis'
OPS_MIX_INT(long, sizeof(long) * 8, true)
^
/home/MakerIris/.var/app/com.github.corna.Vivado/data/xilinx-install/2025.2/Vitis/include/etc/ap_private.h:7178:3: note: expanded from macro 'OPS_MIX_INT'
  OP_REL_MIX_INT(==, C_TYPE, (_AP_W2), (_AP_S2))         \
  ^
/home/MakerIris/.var/app/com.github.corna.Vivado/data/xilinx-install/2025.2/Vitis/include/etc/ap_private.h:7105:38: note: expanded from macro 'OP_REL_MIX_INT'
  HLS_CONSTEXPR_EXTRA AP_INLINE bool operator REL_OP(const ap_private<_AP_W, _AP_S>& op,          \
                                     ^
/home/MakerIris/.var/app/com.github.corna.Vivado/data/xilinx-install/2025.2/Vitis/include/etc/ap_private.h:7189:1: note: candidate template ignored: could not match 'ap_private<_AP_W, _AP_S, false>' against 'long'
/home/MakerIris/.var/app/com.github.corna.Vivado/data/xilinx-install/2025.2/Vitis/include/etc/ap_private.h:7178:3: note: expanded from macro 'OPS_MIX_INT'
  OP_REL_MIX_INT(==, C_TYPE, (_AP_W2), (_AP_S2))         \
  ^
/home/MakerIris/.var/app/com.github.corna.Vivado/data/xilinx-install/2025.2/Vitis/include/etc/ap_private.h:7110:38: note: expanded from macro 'OP_REL_MIX_INT'
  HLS_CONSTEXPR_EXTRA AP_INLINE bool operator REL_OP(C_TYPE op2,                                  \
                                     ^
/home/MakerIris/.var/app/com.github.corna.Vivado/data/xilinx-install/2025.2/Vitis/include/etc/ap_private.h:7190:1: note: candidate template ignored: could not match 'ap_private' against 'axis'
OPS_MIX_INT(unsigned long, sizeof(unsigned long) * 8, false)
^
/home/MakerIris/.var/app/com.github.corna.Vivado/data/xilinx-install/2025.2/Vitis/include/etc/ap_private.h:7178:3: note: expanded from macro 'OPS_MIX_INT'
  OP_REL_MIX_INT(==, C_TYPE, (_AP_W2), (_AP_S2))         \
  ^
/home/MakerIris/.var/app/com.github.corna.Vivado/data/xilinx-install/2025.2/Vitis/include/etc/ap_private.h:7105:38: note: expanded from macro 'OP_REL_MIX_INT'
  HLS_CONSTEXPR_EXTRA AP_INLINE bool operator REL_OP(const ap_private<_AP_W, _AP_S>& op,          \
                                     ^
/home/MakerIris/.var/app/com.github.corna.Vivado/data/xilinx-install/2025.2/Vitis/include/etc/ap_private.h:7190:1: note: candidate template ignored: could not match 'ap_private<_AP_W, _AP_S, false>' against 'long'
/home/MakerIris/.var/app/com.github.corna.Vivado/data/xilinx-install/2025.2/Vitis/include/etc/ap_private.h:7178:3: note: expanded from macro 'OPS_MIX_INT'
  OP_REL_MIX_INT(==, C_TYPE, (_AP_W2), (_AP_S2))         \
  ^
/home/MakerIris/.var/app/com.github.corna.Vivado/data/xilinx-install/2025.2/Vitis/include/etc/ap_private.h:7110:38: note: expanded from macro 'OP_REL_MIX_INT'
  HLS_CONSTEXPR_EXTRA AP_INLINE bool operator REL_OP(C_TYPE op2,                                  \
                                     ^
/home/MakerIris/.var/app/com.github.corna.Vivado/data/xilinx-install/2025.2/Vitis/include/etc/ap_private.h:7191:1: note: candidate template ignored: could not match 'ap_private' against 'axis'
OPS_MIX_INT(ap_slong, sizeof(ap_slong) * 8, true)
^
/home/MakerIris/.var/app/com.github.corna.Vivado/data/xilinx-install/2025.2/Vitis/include/etc/ap_private.h:7178:3: note: expanded from macro 'OPS_MIX_INT'
  OP_REL_MIX_INT(==, C_TYPE, (_AP_W2), (_AP_S2))         \
  ^
/home/MakerIris/.var/app/com.github.corna.Vivado/data/xilinx-install/2025.2/Vitis/include/etc/ap_private.h:7105:38: note: expanded from macro 'OP_REL_MIX_INT'
  HLS_CONSTEXPR_EXTRA AP_INLINE bool operator REL_OP(const ap_private<_AP_W, _AP_S>& op,          \
                                     ^
/home/MakerIris/.var/app/com.github.corna.Vivado/data/xilinx-install/2025.2/Vitis/include/etc/ap_private.h:7191:1: note: candidate template ignored: could not match 'ap_private<_AP_W, _AP_S, false>' against 'long'
/home/MakerIris/.var/app/com.github.corna.Vivado/data/xilinx-install/2025.2/Vitis/include/etc/ap_private.h:7178:3: note: expanded from macro 'OPS_MIX_INT'
  OP_REL_MIX_INT(==, C_TYPE, (_AP_W2), (_AP_S2))         \
  ^
/home/MakerIris/.var/app/com.github.corna.Vivado/data/xilinx-install/2025.2/Vitis/include/etc/ap_private.h:7110:38: note: expanded from macro 'OP_REL_MIX_INT'
  HLS_CONSTEXPR_EXTRA AP_INLINE bool operator REL_OP(C_TYPE op2,                                  \
                                     ^
/home/MakerIris/.var/app/com.github.corna.Vivado/data/xilinx-install/2025.2/Vitis/include/etc/ap_private.h:7192:1: note: candidate template ignored: could not match 'ap_private' against 'axis'
OPS_MIX_INT(ap_ulong, sizeof(ap_ulong) * 8, false)
^
/home/MakerIris/.var/app/com.github.corna.Vivado/data/xilinx-install/2025.2/Vitis/include/etc/ap_private.h:7178:3: note: expanded from macro 'OPS_MIX_INT'
  OP_REL_MIX_INT(==, C_TYPE, (_AP_W2), (_AP_S2))         \
  ^
/home/MakerIris/.var/app/com.github.corna.Vivado/data/xilinx-install/2025.2/Vitis/include/etc/ap_private.h:7105:38: note: expanded from macro 'OP_REL_MIX_INT'
  HLS_CONSTEXPR_EXTRA AP_INLINE bool operator REL_OP(const ap_private<_AP_W, _AP_S>& op,          \
                                     ^
/home/MakerIris/.var/app/com.github.corna.Vivado/data/xilinx-install/2025.2/Vitis/include/etc/ap_private.h:7192:1: note: candidate template ignored: could not match 'ap_private<_AP_W, _AP_S, false>' against 'long'
/home/MakerIris/.var/app/com.github.corna.Vivado/data/xilinx-install/2025.2/Vitis/include/etc/ap_private.h:7178:3: note: expanded from macro 'OPS_MIX_INT'
  OP_REL_MIX_INT(==, C_TYPE, (_AP_W2), (_AP_S2))         \
  ^
/home/MakerIris/.var/app/com.github.corna.Vivado/data/xilinx-install/2025.2/Vitis/include/etc/ap_private.h:7110:38: note: expanded from macro 'OP_REL_MIX_INT'
  HLS_CONSTEXPR_EXTRA AP_INLINE bool operator REL_OP(C_TYPE op2,                                  \
                                     ^
/home/MakerIris/.var/app/com.github.corna.Vivado/data/xilinx-install/2025.2/Vitis/include/etc/ap_private.h:7275:1: note: candidate template ignored: could not match '_private_range_ref' against 'axis'
OP_REL_MIX_RANGE(==)
^
/home/MakerIris/.var/app/com.github.corna.Vivado/data/xilinx-install/2025.2/Vitis/include/etc/ap_private.h:7237:38: note: expanded from macro 'OP_REL_MIX_RANGE'
  HLS_CONSTEXPR_EXTRA AP_INLINE bool operator REL_OP(const _private_range_ref<_AP_W1, _AP_S1>& op1,   \
                                     ^
/home/MakerIris/.var/app/com.github.corna.Vivado/data/xilinx-install/2025.2/Vitis/include/etc/ap_private.h:7275:1: note: candidate template ignored: could not match 'ap_private' against 'axis'
/home/MakerIris/.var/app/com.github.corna.Vivado/data/xilinx-install/2025.2/Vitis/include/etc/ap_private.h:7242:38: note: expanded from macro 'OP_REL_MIX_RANGE'
  HLS_CONSTEXPR_EXTRA AP_INLINE bool operator REL_OP(const ap_private<_AP_W1, _AP_S1>& op1,           \
                                     ^
/home/MakerIris/.var/app/com.github.corna.Vivado/data/xilinx-install/2025.2/Vitis/include/etc/ap_private.h:7350:1: note: candidate template ignored: could not match '_private_bit_ref' against 'axis'
OP_REL_MIX_BIT(==)
^
/home/MakerIris/.var/app/com.github.corna.Vivado/data/xilinx-install/2025.2/Vitis/include/etc/ap_private.h:7312:38: note: expanded from macro 'OP_REL_MIX_BIT'
  HLS_CONSTEXPR_EXTRA AP_INLINE bool operator REL_OP(const _private_bit_ref<_AP_W1, _AP_S1>& op1,   \
                                     ^
/home/MakerIris/.var/app/com.github.corna.Vivado/data/xilinx-install/2025.2/Vitis/include/etc/ap_private.h:7350:1: note: candidate template ignored: could not match 'ap_private' against 'axis'
/home/MakerIris/.var/app/com.github.corna.Vivado/data/xilinx-install/2025.2/Vitis/include/etc/ap_private.h:7317:38: note: expanded from macro 'OP_REL_MIX_BIT'
  HLS_CONSTEXPR_EXTRA AP_INLINE bool operator REL_OP(const ap_private<_AP_W1, _AP_S1>& op1,         \
                                     ^
/home/MakerIris/.var/app/com.github.corna.Vivado/data/xilinx-install/2025.2/Vitis/include/etc/ap_private.h:7387:1: note: candidate template ignored: could not match '_private_range_ref' against 'axis'
REF_REL_MIX_INT(bool, 1, false)
^
/home/MakerIris/.var/app/com.github.corna.Vivado/data/xilinx-install/2025.2/Vitis/include/etc/ap_private.h:7384:3: note: expanded from macro 'REF_REL_MIX_INT'
  REF_REL_OP_MIX_INT(==, C_TYPE, (_AP_W2), (_AP_S2)) \
  ^
/home/MakerIris/.var/app/com.github.corna.Vivado/data/xilinx-install/2025.2/Vitis/include/etc/ap_private.h:7356:38: note: expanded from macro 'REF_REL_OP_MIX_INT'
  HLS_CONSTEXPR_EXTRA AP_INLINE bool operator REL_OP(const _private_range_ref<_AP_W, _AP_S>& op,   \
                                     ^
/home/MakerIris/.var/app/com.github.corna.Vivado/data/xilinx-install/2025.2/Vitis/include/etc/ap_private.h:7387:1: note: candidate template ignored: could not match '_private_range_ref<_AP_W, _AP_S>' against 'long'
/home/MakerIris/.var/app/com.github.corna.Vivado/data/xilinx-install/2025.2/Vitis/include/etc/ap_private.h:7384:3: note: expanded from macro 'REF_REL_MIX_INT'
  REF_REL_OP_MIX_INT(==, C_TYPE, (_AP_W2), (_AP_S2)) \
  ^
/home/MakerIris/.var/app/com.github.corna.Vivado/data/xilinx-install/2025.2/Vitis/include/etc/ap_private.h:7363:38: note: expanded from macro 'REF_REL_OP_MIX_INT'
  HLS_CONSTEXPR_EXTRA AP_INLINE bool operator REL_OP(C_TYPE op2,                                   \
                                     ^
/home/MakerIris/.var/app/com.github.corna.Vivado/data/xilinx-install/2025.2/Vitis/include/etc/ap_private.h:7387:1: note: candidate template ignored: could not match '_private_bit_ref' against 'axis'
/home/MakerIris/.var/app/com.github.corna.Vivado/data/xilinx-install/2025.2/Vitis/include/etc/ap_private.h:7384:3: note: expanded from macro 'REF_REL_MIX_INT'
  REF_REL_OP_MIX_INT(==, C_TYPE, (_AP_W2), (_AP_S2)) \
  ^
/home/MakerIris/.var/app/com.github.corna.Vivado/data/xilinx-install/2025.2/Vitis/include/etc/ap_private.h:7369:38: note: expanded from macro 'REF_REL_OP_MIX_INT'
  HLS_CONSTEXPR_EXTRA AP_INLINE bool operator REL_OP(const _private_bit_ref<_AP_W, _AP_S>& op,     \
                                     ^
/home/MakerIris/.var/app/com.github.corna.Vivado/data/xilinx-install/2025.2/Vitis/include/etc/ap_private.h:7387:1: note: candidate template ignored: could not match '_private_bit_ref<_AP_W, _AP_S>' against 'long'
/home/MakerIris/.var/app/com.github.corna.Vivado/data/xilinx-install/2025.2/Vitis/include/etc/ap_private.h:7384:3: note: expanded from macro 'REF_REL_MIX_INT'
  REF_REL_OP_MIX_INT(==, C_TYPE, (_AP_W2), (_AP_S2)) \
  ^
/home/MakerIris/.var/app/com.github.corna.Vivado/data/xilinx-install/2025.2/Vitis/include/etc/ap_private.h:7374:38: note: expanded from macro 'REF_REL_OP_MIX_INT'
  HLS_CONSTEXPR_EXTRA AP_INLINE bool operator REL_OP(C_TYPE op2,                                   \
                                     ^
/home/MakerIris/.var/app/com.github.corna.Vivado/data/xilinx-install/2025.2/Vitis/include/etc/ap_private.h:7388:1: note: candidate template ignored: could not match '_private_range_ref' against 'axis'
REF_REL_MIX_INT(char, 8, CHAR_IS_SIGNED)
^
/home/MakerIris/.var/app/com.github.corna.Vivado/data/xilinx-install/2025.2/Vitis/include/etc/ap_private.h:7384:3: note: expanded from macro 'REF_REL_MIX_INT'
  REF_REL_OP_MIX_INT(==, C_TYPE, (_AP_W2), (_AP_S2)) \
  ^
/home/MakerIris/.var/app/com.github.corna.Vivado/data/xilinx-install/2025.2/Vitis/include/etc/ap_private.h:7356:38: note: expanded from macro 'REF_REL_OP_MIX_INT'
  HLS_CONSTEXPR_EXTRA AP_INLINE bool operator REL_OP(const _private_range_ref<_AP_W, _AP_S>& op,   \
                                     ^
/home/MakerIris/.var/app/com.github.corna.Vivado/data/xilinx-install/2025.2/Vitis/include/etc/ap_private.h:7388:1: note: candidate template ignored: could not match '_private_range_ref<_AP_W, _AP_S>' against 'long'
/home/MakerIris/.var/app/com.github.corna.Vivado/data/xilinx-install/2025.2/Vitis/include/etc/ap_private.h:7384:3: note: expanded from macro 'REF_REL_MIX_INT'
  REF_REL_OP_MIX_INT(==, C_TYPE, (_AP_W2), (_AP_S2)) \
  ^
/home/MakerIris/.var/app/com.github.corna.Vivado/data/xilinx-install/2025.2/Vitis/include/etc/ap_private.h:7363:38: note: expanded from macro 'REF_REL_OP_MIX_INT'
  HLS_CONSTEXPR_EXTRA AP_INLINE bool operator REL_OP(C_TYPE op2,                                   \
                                     ^
/home/MakerIris/.var/app/com.github.corna.Vivado/data/xilinx-install/2025.2/Vitis/include/etc/ap_private.h:7388:1: note: candidate template ignored: could not match '_private_bit_ref' against 'axis'
/home/MakerIris/.var/app/com.github.corna.Vivado/data/xilinx-install/2025.2/Vitis/include/etc/ap_private.h:7384:3: note: expanded from macro 'REF_REL_MIX_INT'
  REF_REL_OP_MIX_INT(==, C_TYPE, (_AP_W2), (_AP_S2)) \
  ^
/home/MakerIris/.var/app/com.github.corna.Vivado/data/xilinx-install/2025.2/Vitis/include/etc/ap_private.h:7369:38: note: expanded from macro 'REF_REL_OP_MIX_INT'
  HLS_CONSTEXPR_EXTRA AP_INLINE bool operator REL_OP(const _private_bit_ref<_AP_W, _AP_S>& op,     \
                                     ^
/home/MakerIris/.var/app/com.github.corna.Vivado/data/xilinx-install/2025.2/Vitis/include/etc/ap_private.h:7388:1: note: candidate template ignored: could not match '_private_bit_ref<_AP_W, _AP_S>' against 'long'
/home/MakerIris/.var/app/com.github.corna.Vivado/data/xilinx-install/2025.2/Vitis/include/etc/ap_private.h:7384:3: note: expanded from macro 'REF_REL_MIX_INT'
  REF_REL_OP_MIX_INT(==, C_TYPE, (_AP_W2), (_AP_S2)) \
  ^
/home/MakerIris/.var/app/com.github.corna.Vivado/data/xilinx-install/2025.2/Vitis/include/etc/ap_private.h:7374:38: note: expanded from macro 'REF_REL_OP_MIX_INT'
  HLS_CONSTEXPR_EXTRA AP_INLINE bool operator REL_OP(C_TYPE op2,                                   \
                                     ^
/home/MakerIris/.var/app/com.github.corna.Vivado/data/xilinx-install/2025.2/Vitis/include/etc/ap_private.h:7389:1: note: candidate template ignored: could not match '_private_range_ref' against 'axis'
REF_REL_MIX_INT(signed char, 8, true)
^
/home/MakerIris/.var/app/com.github.corna.Vivado/data/xilinx-install/2025.2/Vitis/include/etc/ap_private.h:7384:3: note: expanded from macro 'REF_REL_MIX_INT'
  REF_REL_OP_MIX_INT(==, C_TYPE, (_AP_W2), (_AP_S2)) \
  ^
/home/MakerIris/.var/app/com.github.corna.Vivado/data/xilinx-install/2025.2/Vitis/include/etc/ap_private.h:7356:38: note: expanded from macro 'REF_REL_OP_MIX_INT'
  HLS_CONSTEXPR_EXTRA AP_INLINE bool operator REL_OP(const _private_range_ref<_AP_W, _AP_S>& op,   \
                                     ^
/home/MakerIris/.var/app/com.github.corna.Vivado/data/xilinx-install/2025.2/Vitis/include/etc/ap_private.h:7389:1: note: candidate template ignored: could not match '_private_range_ref<_AP_W, _AP_S>' against 'long'
/home/MakerIris/.var/app/com.github.corna.Vivado/data/xilinx-install/2025.2/Vitis/include/etc/ap_private.h:7384:3: note: expanded from macro 'REF_REL_MIX_INT'
  REF_REL_OP_MIX_INT(==, C_TYPE, (_AP_W2), (_AP_S2)) \
  ^
/home/MakerIris/.var/app/com.github.corna.Vivado/data/xilinx-install/2025.2/Vitis/include/etc/ap_private.h:7363:38: note: expanded from macro 'REF_REL_OP_MIX_INT'
  HLS_CONSTEXPR_EXTRA AP_INLINE bool operator REL_OP(C_TYPE op2,                                   \
                                     ^
/home/MakerIris/.var/app/com.github.corna.Vivado/data/xilinx-install/2025.2/Vitis/include/etc/ap_private.h:7389:1: note: candidate template ignored: could not match '_private_bit_ref' against 'axis'
/home/MakerIris/.var/app/com.github.corna.Vivado/data/xilinx-install/2025.2/Vitis/include/etc/ap_private.h:7384:3: note: expanded from macro 'REF_REL_MIX_INT'
  REF_REL_OP_MIX_INT(==, C_TYPE, (_AP_W2), (_AP_S2)) \
  ^
/home/MakerIris/.var/app/com.github.corna.Vivado/data/xilinx-install/2025.2/Vitis/include/etc/ap_private.h:7369:38: note: expanded from macro 'REF_REL_OP_MIX_INT'
  HLS_CONSTEXPR_EXTRA AP_INLINE bool operator REL_OP(const _private_bit_ref<_AP_W, _AP_S>& op,     \
                                     ^
/home/MakerIris/.var/app/com.github.corna.Vivado/data/xilinx-install/2025.2/Vitis/include/etc/ap_private.h:7389:1: note: candidate template ignored: could not match '_private_bit_ref<_AP_W, _AP_S>' against 'long'
/home/MakerIris/.var/app/com.github.corna.Vivado/data/xilinx-install/2025.2/Vitis/include/etc/ap_private.h:7384:3: note: expanded from macro 'REF_REL_MIX_INT'
  REF_REL_OP_MIX_INT(==, C_TYPE, (_AP_W2), (_AP_S2)) \
  ^
/home/MakerIris/.var/app/com.github.corna.Vivado/data/xilinx-install/2025.2/Vitis/include/etc/ap_private.h:7374:38: note: expanded from macro 'REF_REL_OP_MIX_INT'
  HLS_CONSTEXPR_EXTRA AP_INLINE bool operator REL_OP(C_TYPE op2,                                   \
                                     ^
/home/MakerIris/.var/app/com.github.corna.Vivado/data/xilinx-install/2025.2/Vitis/include/etc/ap_private.h:7390:1: note: candidate template ignored: could not match '_private_range_ref' against 'axis'
REF_REL_MIX_INT(unsigned char, 8, false)
^
/home/MakerIris/.var/app/com.github.corna.Vivado/data/xilinx-install/2025.2/Vitis/include/etc/ap_private.h:7384:3: note: expanded from macro 'REF_REL_MIX_INT'
  REF_REL_OP_MIX_INT(==, C_TYPE, (_AP_W2), (_AP_S2)) \
  ^
/home/MakerIris/.var/app/com.github.corna.Vivado/data/xilinx-install/2025.2/Vitis/include/etc/ap_private.h:7356:38: note: expanded from macro 'REF_REL_OP_MIX_INT'
  HLS_CONSTEXPR_EXTRA AP_INLINE bool operator REL_OP(const _private_range_ref<_AP_W, _AP_S>& op,   \
                                     ^
/home/MakerIris/.var/app/com.github.corna.Vivado/data/xilinx-install/2025.2/Vitis/include/etc/ap_private.h:7390:1: note: candidate template ignored: could not match '_private_range_ref<_AP_W, _AP_S>' against 'long'
/home/MakerIris/.var/app/com.github.corna.Vivado/data/xilinx-install/2025.2/Vitis/include/etc/ap_private.h:7384:3: note: expanded from macro 'REF_REL_MIX_INT'
  REF_REL_OP_MIX_INT(==, C_TYPE, (_AP_W2), (_AP_S2)) \
  ^
/home/MakerIris/.var/app/com.github.corna.Vivado/data/xilinx-install/2025.2/Vitis/include/etc/ap_private.h:7363:38: note: expanded from macro 'REF_REL_OP_MIX_INT'
  HLS_CONSTEXPR_EXTRA AP_INLINE bool operator REL_OP(C_TYPE op2,                                   \
                                     ^
/home/MakerIris/.var/app/com.github.corna.Vivado/data/xilinx-install/2025.2/Vitis/include/etc/ap_private.h:7390:1: note: candidate template ignored: could not match '_private_bit_ref' against 'axis'
/home/MakerIris/.var/app/com.github.corna.Vivado/data/xilinx-install/2025.2/Vitis/include/etc/ap_private.h:7384:3: note: expanded from macro 'REF_REL_MIX_INT'
  REF_REL_OP_MIX_INT(==, C_TYPE, (_AP_W2), (_AP_S2)) \
  ^
/home/MakerIris/.var/app/com.github.corna.Vivado/data/xilinx-install/2025.2/Vitis/include/etc/ap_private.h:7369:38: note: expanded from macro 'REF_REL_OP_MIX_INT'
  HLS_CONSTEXPR_EXTRA AP_INLINE bool operator REL_OP(const _private_bit_ref<_AP_W, _AP_S>& op,     \
                                     ^
/home/MakerIris/.var/app/com.github.corna.Vivado/data/xilinx-install/2025.2/Vitis/include/etc/ap_private.h:7390:1: note: candidate template ignored: could not match '_private_bit_ref<_AP_W, _AP_S>' against 'long'
/home/MakerIris/.var/app/com.github.corna.Vivado/data/xilinx-install/2025.2/Vitis/include/etc/ap_private.h:7384:3: note: expanded from macro 'REF_REL_MIX_INT'
  REF_REL_OP_MIX_INT(==, C_TYPE, (_AP_W2), (_AP_S2)) \
  ^
/home/MakerIris/.var/app/com.github.corna.Vivado/data/xilinx-install/2025.2/Vitis/include/etc/ap_private.h:7374:38: note: expanded from macro 'REF_REL_OP_MIX_INT'
  HLS_CONSTEXPR_EXTRA AP_INLINE bool operator REL_OP(C_TYPE op2,                                   \
                                     ^
/home/MakerIris/.var/app/com.github.corna.Vivado/data/xilinx-install/2025.2/Vitis/include/etc/ap_private.h:7391:1: note: candidate template ignored: could not match '_private_range_ref' against 'axis'
REF_REL_MIX_INT(short, sizeof(short) * 8, true)
^
/home/MakerIris/.var/app/com.github.corna.Vivado/data/xilinx-install/2025.2/Vitis/include/etc/ap_private.h:7384:3: note: expanded from macro 'REF_REL_MIX_INT'
  REF_REL_OP_MIX_INT(==, C_TYPE, (_AP_W2), (_AP_S2)) \
  ^
/home/MakerIris/.var/app/com.github.corna.Vivado/data/xilinx-install/2025.2/Vitis/include/etc/ap_private.h:7356:38: note: expanded from macro 'REF_REL_OP_MIX_INT'
  HLS_CONSTEXPR_EXTRA AP_INLINE bool operator REL_OP(const _private_range_ref<_AP_W, _AP_S>& op,   \
                                     ^
/home/MakerIris/.var/app/com.github.corna.Vivado/data/xilinx-install/2025.2/Vitis/include/etc/ap_private.h:7391:1: note: candidate template ignored: could not match '_private_range_ref<_AP_W, _AP_S>' against 'long'
/home/MakerIris/.var/app/com.github.corna.Vivado/data/xilinx-install/2025.2/Vitis/include/etc/ap_private.h:7384:3: note: expanded from macro 'REF_REL_MIX_INT'
  REF_REL_OP_MIX_INT(==, C_TYPE, (_AP_W2), (_AP_S2)) \
  ^
/home/MakerIris/.var/app/com.github.corna.Vivado/data/xilinx-install/2025.2/Vitis/include/etc/ap_private.h:7363:38: note: expanded from macro 'REF_REL_OP_MIX_INT'
  HLS_CONSTEXPR_EXTRA AP_INLINE bool operator REL_OP(C_TYPE op2,                                   \
                                     ^
/home/MakerIris/.var/app/com.github.corna.Vivado/data/xilinx-install/2025.2/Vitis/include/etc/ap_private.h:7391:1: note: candidate template ignored: could not match '_private_bit_ref' against 'axis'
/home/MakerIris/.var/app/com.github.corna.Vivado/data/xilinx-install/2025.2/Vitis/include/etc/ap_private.h:7384:3: note: expanded from macro 'REF_REL_MIX_INT'
  REF_REL_OP_MIX_INT(==, C_TYPE, (_AP_W2), (_AP_S2)) \
  ^
/home/MakerIris/.var/app/com.github.corna.Vivado/data/xilinx-install/2025.2/Vitis/include/etc/ap_private.h:7369:38: note: expanded from macro 'REF_REL_OP_MIX_INT'
  HLS_CONSTEXPR_EXTRA AP_INLINE bool operator REL_OP(const _private_bit_ref<_AP_W, _AP_S>& op,     \
                                     ^
/home/MakerIris/.var/app/com.github.corna.Vivado/data/xilinx-install/2025.2/Vitis/include/etc/ap_private.h:7391:1: note: candidate template ignored: could not match '_private_bit_ref<_AP_W, _AP_S>' against 'long'
/home/MakerIris/.var/app/com.github.corna.Vivado/data/xilinx-install/2025.2/Vitis/include/etc/ap_private.h:7384:3: note: expanded from macro 'REF_REL_MIX_INT'
  REF_REL_OP_MIX_INT(==, C_TYPE, (_AP_W2), (_AP_S2)) \
  ^
/home/MakerIris/.var/app/com.github.corna.Vivado/data/xilinx-install/2025.2/Vitis/include/etc/ap_private.h:7374:38: note: expanded from macro 'REF_REL_OP_MIX_INT'
  HLS_CONSTEXPR_EXTRA AP_INLINE bool operator REL_OP(C_TYPE op2,                                   \
                                     ^
/home/MakerIris/.var/app/com.github.corna.Vivado/data/xilinx-install/2025.2/Vitis/include/etc/ap_private.h:7392:1: note: candidate template ignored: could not match '_private_range_ref' against 'axis'
REF_REL_MIX_INT(unsigned short, sizeof(unsigned short) * 8, false)
^
/home/MakerIris/.var/app/com.github.corna.Vivado/data/xilinx-install/2025.2/Vitis/include/etc/ap_private.h:7384:3: note: expanded from macro 'REF_REL_MIX_INT'
  REF_REL_OP_MIX_INT(==, C_TYPE, (_AP_W2), (_AP_S2)) \
  ^
/home/MakerIris/.var/app/com.github.corna.Vivado/data/xilinx-install/2025.2/Vitis/include/etc/ap_private.h:7356:38: note: expanded from macro 'REF_REL_OP_MIX_INT'
  HLS_CONSTEXPR_EXTRA AP_INLINE bool operator REL_OP(const _private_range_ref<_AP_W, _AP_S>& op,   \
                                     ^
/home/MakerIris/.var/app/com.github.corna.Vivado/data/xilinx-install/2025.2/Vitis/include/etc/ap_private.h:7392:1: note: candidate template ignored: could not match '_private_range_ref<_AP_W, _AP_S>' against 'long'
/home/MakerIris/.var/app/com.github.corna.Vivado/data/xilinx-install/2025.2/Vitis/include/etc/ap_private.h:7384:3: note: expanded from macro 'REF_REL_MIX_INT'
  REF_REL_OP_MIX_INT(==, C_TYPE, (_AP_W2), (_AP_S2)) \
  ^
/home/MakerIris/.var/app/com.github.corna.Vivado/data/xilinx-install/2025.2/Vitis/include/etc/ap_private.h:7363:38: note: expanded from macro 'REF_REL_OP_MIX_INT'
  HLS_CONSTEXPR_EXTRA AP_INLINE bool operator REL_OP(C_TYPE op2,                                   \
                                     ^
/home/MakerIris/.var/app/com.github.corna.Vivado/data/xilinx-install/2025.2/Vitis/include/etc/ap_private.h:7392:1: note: candidate template ignored: could not match '_private_bit_ref' against 'axis'
/home/MakerIris/.var/app/com.github.corna.Vivado/data/xilinx-install/2025.2/Vitis/include/etc/ap_private.h:7384:3: note: expanded from macro 'REF_REL_MIX_INT'
  REF_REL_OP_MIX_INT(==, C_TYPE, (_AP_W2), (_AP_S2)) \
  ^
/home/MakerIris/.var/app/com.github.corna.Vivado/data/xilinx-install/2025.2/Vitis/include/etc/ap_private.h:7369:38: note: expanded from macro 'REF_REL_OP_MIX_INT'
  HLS_CONSTEXPR_EXTRA AP_INLINE bool operator REL_OP(const _private_bit_ref<_AP_W, _AP_S>& op,     \
                                     ^
/home/MakerIris/.var/app/com.github.corna.Vivado/data/xilinx-install/2025.2/Vitis/include/etc/ap_private.h:7392:1: note: candidate template ignored: could not match '_private_bit_ref<_AP_W, _AP_S>' against 'long'
/home/MakerIris/.var/app/com.github.corna.Vivado/data/xilinx-install/2025.2/Vitis/include/etc/ap_private.h:7384:3: note: expanded from macro 'REF_REL_MIX_INT'
  REF_REL_OP_MIX_INT(==, C_TYPE, (_AP_W2), (_AP_S2)) \
  ^
/home/MakerIris/.var/app/com.github.corna.Vivado/data/xilinx-install/2025.2/Vitis/include/etc/ap_private.h:7374:38: note: expanded from macro 'REF_REL_OP_MIX_INT'
  HLS_CONSTEXPR_EXTRA AP_INLINE bool operator REL_OP(C_TYPE op2,                                   \
                                     ^
/home/MakerIris/.var/app/com.github.corna.Vivado/data/xilinx-install/2025.2/Vitis/include/etc/ap_private.h:7393:1: note: candidate template ignored: could not match '_private_range_ref' against 'axis'
REF_REL_MIX_INT(int, sizeof(int) * 8, true)
^
/home/MakerIris/.var/app/com.github.corna.Vivado/data/xilinx-install/2025.2/Vitis/include/etc/ap_private.h:7384:3: note: expanded from macro 'REF_REL_MIX_INT'
  REF_REL_OP_MIX_INT(==, C_TYPE, (_AP_W2), (_AP_S2)) \
  ^
/home/MakerIris/.var/app/com.github.corna.Vivado/data/xilinx-install/2025.2/Vitis/include/etc/ap_private.h:7356:38: note: expanded from macro 'REF_REL_OP_MIX_INT'
  HLS_CONSTEXPR_EXTRA AP_INLINE bool operator REL_OP(const _private_range_ref<_AP_W, _AP_S>& op,   \
                                     ^
/home/MakerIris/.var/app/com.github.corna.Vivado/data/xilinx-install/2025.2/Vitis/include/etc/ap_private.h:7393:1: note: candidate template ignored: could not match '_private_range_ref<_AP_W, _AP_S>' against 'long'
/home/MakerIris/.var/app/com.github.corna.Vivado/data/xilinx-install/2025.2/Vitis/include/etc/ap_private.h:7384:3: note: expanded from macro 'REF_REL_MIX_INT'
  REF_REL_OP_MIX_INT(==, C_TYPE, (_AP_W2), (_AP_S2)) \
  ^
/home/MakerIris/.var/app/com.github.corna.Vivado/data/xilinx-install/2025.2/Vitis/include/etc/ap_private.h:7363:38: note: expanded from macro 'REF_REL_OP_MIX_INT'
  HLS_CONSTEXPR_EXTRA AP_INLINE bool operator REL_OP(C_TYPE op2,                                   \
                                     ^
/home/MakerIris/.var/app/com.github.corna.Vivado/data/xilinx-install/2025.2/Vitis/include/etc/ap_private.h:7393:1: note: candidate template ignored: could not match '_private_bit_ref' against 'axis'
/home/MakerIris/.var/app/com.github.corna.Vivado/data/xilinx-install/2025.2/Vitis/include/etc/ap_private.h:7384:3: note: expanded from macro 'REF_REL_MIX_INT'
  REF_REL_OP_MIX_INT(==, C_TYPE, (_AP_W2), (_AP_S2)) \
  ^
/home/MakerIris/.var/app/com.github.corna.Vivado/data/xilinx-install/2025.2/Vitis/include/etc/ap_private.h:7369:38: note: expanded from macro 'REF_REL_OP_MIX_INT'
  HLS_CONSTEXPR_EXTRA AP_INLINE bool operator REL_OP(const _private_bit_ref<_AP_W, _AP_S>& op,     \
                                     ^
/home/MakerIris/.var/app/com.github.corna.Vivado/data/xilinx-install/2025.2/Vitis/include/etc/ap_private.h:7393:1: note: candidate template ignored: could not match '_private_bit_ref<_AP_W, _AP_S>' against 'long'
/home/MakerIris/.var/app/com.github.corna.Vivado/data/xilinx-install/2025.2/Vitis/include/etc/ap_private.h:7384:3: note: expanded from macro 'REF_REL_MIX_INT'
  REF_REL_OP_MIX_INT(==, C_TYPE, (_AP_W2), (_AP_S2)) \
  ^
/home/MakerIris/.var/app/com.github.corna.Vivado/data/xilinx-install/2025.2/Vitis/include/etc/ap_private.h:7374:38: note: expanded from macro 'REF_REL_OP_MIX_INT'
  HLS_CONSTEXPR_EXTRA AP_INLINE bool operator REL_OP(C_TYPE op2,                                   \
                                     ^
/home/MakerIris/.var/app/com.github.corna.Vivado/data/xilinx-install/2025.2/Vitis/include/etc/ap_private.h:7394:1: note: candidate template ignored: could not match '_private_range_ref' against 'axis'
REF_REL_MIX_INT(unsigned int, sizeof(unsigned int) * 8, false)
^
/home/MakerIris/.var/app/com.github.corna.Vivado/data/xilinx-install/2025.2/Vitis/include/etc/ap_private.h:7384:3: note: expanded from macro 'REF_REL_MIX_INT'
  REF_REL_OP_MIX_INT(==, C_TYPE, (_AP_W2), (_AP_S2)) \
  ^
/home/MakerIris/.var/app/com.github.corna.Vivado/data/xilinx-install/2025.2/Vitis/include/etc/ap_private.h:7356:38: note: expanded from macro 'REF_REL_OP_MIX_INT'
  HLS_CONSTEXPR_EXTRA AP_INLINE bool operator REL_OP(const _private_range_ref<_AP_W, _AP_S>& op,   \
                                     ^
/home/MakerIris/.var/app/com.github.corna.Vivado/data/xilinx-install/2025.2/Vitis/include/etc/ap_private.h:7394:1: note: candidate template ignored: could not match '_private_range_ref<_AP_W, _AP_S>' against 'long'
/home/MakerIris/.var/app/com.github.corna.Vivado/data/xilinx-install/2025.2/Vitis/include/etc/ap_private.h:7384:3: note: expanded from macro 'REF_REL_MIX_INT'
  REF_REL_OP_MIX_INT(==, C_TYPE, (_AP_W2), (_AP_S2)) \
  ^
/home/MakerIris/.var/app/com.github.corna.Vivado/data/xilinx-install/2025.2/Vitis/include/etc/ap_private.h:7363:38: note: expanded from macro 'REF_REL_OP_MIX_INT'
  HLS_CONSTEXPR_EXTRA AP_INLINE bool operator REL_OP(C_TYPE op2,                                   \
                                     ^
/home/MakerIris/.var/app/com.github.corna.Vivado/data/xilinx-install/2025.2/Vitis/include/etc/ap_private.h:7394:1: note: candidate template ignored: could not match '_private_bit_ref' against 'axis'
/home/MakerIris/.var/app/com.github.corna.Vivado/data/xilinx-install/2025.2/Vitis/include/etc/ap_private.h:7384:3: note: expanded from macro 'REF_REL_MIX_INT'
  REF_REL_OP_MIX_INT(==, C_TYPE, (_AP_W2), (_AP_S2)) \
  ^
/home/MakerIris/.var/app/com.github.corna.Vivado/data/xilinx-install/2025.2/Vitis/include/etc/ap_private.h:7369:38: note: expanded from macro 'REF_REL_OP_MIX_INT'
  HLS_CONSTEXPR_EXTRA AP_INLINE bool operator REL_OP(const _private_bit_ref<_AP_W, _AP_S>& op,     \
                                     ^
/home/MakerIris/.var/app/com.github.corna.Vivado/data/xilinx-install/2025.2/Vitis/include/etc/ap_private.h:7394:1: note: candidate template ignored: could not match '_private_bit_ref<_AP_W, _AP_S>' against 'long'
/home/MakerIris/.var/app/com.github.corna.Vivado/data/xilinx-install/2025.2/Vitis/include/etc/ap_private.h:7384:3: note: expanded from macro 'REF_REL_MIX_INT'
  REF_REL_OP_MIX_INT(==, C_TYPE, (_AP_W2), (_AP_S2)) \
  ^
/home/MakerIris/.var/app/com.github.corna.Vivado/data/xilinx-install/2025.2/Vitis/include/etc/ap_private.h:7374:38: note: expanded from macro 'REF_REL_OP_MIX_INT'
  HLS_CONSTEXPR_EXTRA AP_INLINE bool operator REL_OP(C_TYPE op2,                                   \
                                     ^
/home/MakerIris/.var/app/com.github.corna.Vivado/data/xilinx-install/2025.2/Vitis/include/etc/ap_private.h:7395:1: note: candidate template ignored: could not match '_private_range_ref' against 'axis'
REF_REL_MIX_INT(long, sizeof(long) * 8, true)
^
/home/MakerIris/.var/app/com.github.corna.Vivado/data/xilinx-install/2025.2/Vitis/include/etc/ap_private.h:7384:3: note: expanded from macro 'REF_REL_MIX_INT'
  REF_REL_OP_MIX_INT(==, C_TYPE, (_AP_W2), (_AP_S2)) \
  ^
/home/MakerIris/.var/app/com.github.corna.Vivado/data/xilinx-install/2025.2/Vitis/include/etc/ap_private.h:7356:38: note: expanded from macro 'REF_REL_OP_MIX_INT'
  HLS_CONSTEXPR_EXTRA AP_INLINE bool operator REL_OP(const _private_range_ref<_AP_W, _AP_S>& op,   \
                                     ^
/home/MakerIris/.var/app/com.github.corna.Vivado/data/xilinx-install/2025.2/Vitis/include/etc/ap_private.h:7395:1: note: candidate template ignored: could not match '_private_range_ref<_AP_W, _AP_S>' against 'long'
/home/MakerIris/.var/app/com.github.corna.Vivado/data/xilinx-install/2025.2/Vitis/include/etc/ap_private.h:7384:3: note: expanded from macro 'REF_REL_MIX_INT'
  REF_REL_OP_MIX_INT(==, C_TYPE, (_AP_W2), (_AP_S2)) \
  ^
/home/MakerIris/.var/app/com.github.corna.Vivado/data/xilinx-install/2025.2/Vitis/include/etc/ap_private.h:7363:38: note: expanded from macro 'REF_REL_OP_MIX_INT'
  HLS_CONSTEXPR_EXTRA AP_INLINE bool operator REL_OP(C_TYPE op2,                                   \
                                     ^
/home/MakerIris/.var/app/com.github.corna.Vivado/data/xilinx-install/2025.2/Vitis/include/etc/ap_private.h:7395:1: note: candidate template ignored: could not match '_private_bit_ref' against 'axis'
/home/MakerIris/.var/app/com.github.corna.Vivado/data/xilinx-install/2025.2/Vitis/include/etc/ap_private.h:7384:3: note: expanded from macro 'REF_REL_MIX_INT'
  REF_REL_OP_MIX_INT(==, C_TYPE, (_AP_W2), (_AP_S2)) \
  ^
/home/MakerIris/.var/app/com.github.corna.Vivado/data/xilinx-install/2025.2/Vitis/include/etc/ap_private.h:7369:38: note: expanded from macro 'REF_REL_OP_MIX_INT'
  HLS_CONSTEXPR_EXTRA AP_INLINE bool operator REL_OP(const _private_bit_ref<_AP_W, _AP_S>& op,     \
                                     ^
/home/MakerIris/.var/app/com.github.corna.Vivado/data/xilinx-install/2025.2/Vitis/include/etc/ap_private.h:7395:1: note: candidate template ignored: could not match '_private_bit_ref<_AP_W, _AP_S>' against 'long'
/home/MakerIris/.var/app/com.github.corna.Vivado/data/xilinx-install/2025.2/Vitis/include/etc/ap_private.h:7384:3: note: expanded from macro 'REF_REL_MIX_INT'
  REF_REL_OP_MIX_INT(==, C_TYPE, (_AP_W2), (_AP_S2)) \
  ^
/home/MakerIris/.var/app/com.github.corna.Vivado/data/xilinx-install/2025.2/Vitis/include/etc/ap_private.h:7374:38: note: expanded from macro 'REF_REL_OP_MIX_INT'
  HLS_CONSTEXPR_EXTRA AP_INLINE bool operator REL_OP(C_TYPE op2,                                   \
                                     ^
/home/MakerIris/.var/app/com.github.corna.Vivado/data/xilinx-install/2025.2/Vitis/include/etc/ap_private.h:7396:1: note: candidate template ignored: could not match '_private_range_ref' against 'axis'
REF_REL_MIX_INT(unsigned long, sizeof(unsigned long) * 8, false)
^
/home/MakerIris/.var/app/com.github.corna.Vivado/data/xilinx-install/2025.2/Vitis/include/etc/ap_private.h:7384:3: note: expanded from macro 'REF_REL_MIX_INT'
  REF_REL_OP_MIX_INT(==, C_TYPE, (_AP_W2), (_AP_S2)) \
  ^
/home/MakerIris/.var/app/com.github.corna.Vivado/data/xilinx-install/2025.2/Vitis/include/etc/ap_private.h:7356:38: note: expanded from macro 'REF_REL_OP_MIX_INT'
  HLS_CONSTEXPR_EXTRA AP_INLINE bool operator REL_OP(const _private_range_ref<_AP_W, _AP_S>& op,   \
                                     ^
/home/MakerIris/.var/app/com.github.corna.Vivado/data/xilinx-install/2025.2/Vitis/include/etc/ap_private.h:7396:1: note: candidate template ignored: could not match '_private_range_ref<_AP_W, _AP_S>' against 'long'
/home/MakerIris/.var/app/com.github.corna.Vivado/data/xilinx-install/2025.2/Vitis/include/etc/ap_private.h:7384:3: note: expanded from macro 'REF_REL_MIX_INT'
  REF_REL_OP_MIX_INT(==, C_TYPE, (_AP_W2), (_AP_S2)) \
  ^
/home/MakerIris/.var/app/com.github.corna.Vivado/data/xilinx-install/2025.2/Vitis/include/etc/ap_private.h:7363:38: note: expanded from macro 'REF_REL_OP_MIX_INT'
  HLS_CONSTEXPR_EXTRA AP_INLINE bool operator REL_OP(C_TYPE op2,                                   \
                                     ^
/home/MakerIris/.var/app/com.github.corna.Vivado/data/xilinx-install/2025.2/Vitis/include/etc/ap_private.h:7396:1: note: candidate template ignored: could not match '_private_bit_ref' against 'axis'
/home/MakerIris/.var/app/com.github.corna.Vivado/data/xilinx-install/2025.2/Vitis/include/etc/ap_private.h:7384:3: note: expanded from macro 'REF_REL_MIX_INT'
  REF_REL_OP_MIX_INT(==, C_TYPE, (_AP_W2), (_AP_S2)) \
  ^
/home/MakerIris/.var/app/com.github.corna.Vivado/data/xilinx-install/2025.2/Vitis/include/etc/ap_private.h:7369:38: note: expanded from macro 'REF_REL_OP_MIX_INT'
  HLS_CONSTEXPR_EXTRA AP_INLINE bool operator REL_OP(const _private_bit_ref<_AP_W, _AP_S>& op,     \
                                     ^
/home/MakerIris/.var/app/com.github.corna.Vivado/data/xilinx-install/2025.2/Vitis/include/etc/ap_private.h:7396:1: note: candidate template ignored: could not match '_private_bit_ref<_AP_W, _AP_S>' against 'long'
/home/MakerIris/.var/app/com.github.corna.Vivado/data/xilinx-install/2025.2/Vitis/include/etc/ap_private.h:7384:3: note: expanded from macro 'REF_REL_MIX_INT'
  REF_REL_OP_MIX_INT(==, C_TYPE, (_AP_W2), (_AP_S2)) \
  ^
/home/MakerIris/.var/app/com.github.corna.Vivado/data/xilinx-install/2025.2/Vitis/include/etc/ap_private.h:7374:38: note: expanded from macro 'REF_REL_OP_MIX_INT'
  HLS_CONSTEXPR_EXTRA AP_INLINE bool operator REL_OP(C_TYPE op2,                                   \
                                     ^
/home/MakerIris/.var/app/com.github.corna.Vivado/data/xilinx-install/2025.2/Vitis/include/etc/ap_private.h:7397:1: note: candidate template ignored: could not match '_private_range_ref' against 'axis'
REF_REL_MIX_INT(ap_slong, sizeof(ap_slong) * 8, true)
^
/home/MakerIris/.var/app/com.github.corna.Vivado/data/xilinx-install/2025.2/Vitis/include/etc/ap_private.h:7384:3: note: expanded from macro 'REF_REL_MIX_INT'
  REF_REL_OP_MIX_INT(==, C_TYPE, (_AP_W2), (_AP_S2)) \
  ^
/home/MakerIris/.var/app/com.github.corna.Vivado/data/xilinx-install/2025.2/Vitis/include/etc/ap_private.h:7356:38: note: expanded from macro 'REF_REL_OP_MIX_INT'
  HLS_CONSTEXPR_EXTRA AP_INLINE bool operator REL_OP(const _private_range_ref<_AP_W, _AP_S>& op,   \
                                     ^
/home/MakerIris/.var/app/com.github.corna.Vivado/data/xilinx-install/2025.2/Vitis/include/etc/ap_private.h:7397:1: note: candidate template ignored: could not match '_private_range_ref<_AP_W, _AP_S>' against 'long'
/home/MakerIris/.var/app/com.github.corna.Vivado/data/xilinx-install/2025.2/Vitis/include/etc/ap_private.h:7384:3: note: expanded from macro 'REF_REL_MIX_INT'
  REF_REL_OP_MIX_INT(==, C_TYPE, (_AP_W2), (_AP_S2)) \
  ^
/home/MakerIris/.var/app/com.github.corna.Vivado/data/xilinx-install/2025.2/Vitis/include/etc/ap_private.h:7363:38: note: expanded from macro 'REF_REL_OP_MIX_INT'
  HLS_CONSTEXPR_EXTRA AP_INLINE bool operator REL_OP(C_TYPE op2,                                   \
                                     ^
/home/MakerIris/.var/app/com.github.corna.Vivado/data/xilinx-install/2025.2/Vitis/include/etc/ap_private.h:7397:1: note: candidate template ignored: could not match '_private_bit_ref' against 'axis'
/home/MakerIris/.var/app/com.github.corna.Vivado/data/xilinx-install/2025.2/Vitis/include/etc/ap_private.h:7384:3: note: expanded from macro 'REF_REL_MIX_INT'
  REF_REL_OP_MIX_INT(==, C_TYPE, (_AP_W2), (_AP_S2)) \
  ^
/home/MakerIris/.var/app/com.github.corna.Vivado/data/xilinx-install/2025.2/Vitis/include/etc/ap_private.h:7369:38: note: expanded from macro 'REF_REL_OP_MIX_INT'
  HLS_CONSTEXPR_EXTRA AP_INLINE bool operator REL_OP(const _private_bit_ref<_AP_W, _AP_S>& op,     \
                                     ^
/home/MakerIris/.var/app/com.github.corna.Vivado/data/xilinx-install/2025.2/Vitis/include/etc/ap_private.h:7397:1: note: candidate template ignored: could not match '_private_bit_ref<_AP_W, _AP_S>' against 'long'
/home/MakerIris/.var/app/com.github.corna.Vivado/data/xilinx-install/2025.2/Vitis/include/etc/ap_private.h:7384:3: note: expanded from macro 'REF_REL_MIX_INT'
  REF_REL_OP_MIX_INT(==, C_TYPE, (_AP_W2), (_AP_S2)) \
  ^
/home/MakerIris/.var/app/com.github.corna.Vivado/data/xilinx-install/2025.2/Vitis/include/etc/ap_private.h:7374:38: note: expanded from macro 'REF_REL_OP_MIX_INT'
  HLS_CONSTEXPR_EXTRA AP_INLINE bool operator REL_OP(C_TYPE op2,                                   \
                                     ^
/home/MakerIris/.var/app/com.github.corna.Vivado/data/xilinx-install/2025.2/Vitis/include/etc/ap_private.h:7398:1: note: candidate template ignored: could not match '_private_range_ref' against 'axis'
REF_REL_MIX_INT(ap_ulong, sizeof(ap_ulong) * 8, false)
^
/home/MakerIris/.var/app/com.github.corna.Vivado/data/xilinx-install/2025.2/Vitis/include/etc/ap_private.h:7384:3: note: expanded from macro 'REF_REL_MIX_INT'
  REF_REL_OP_MIX_INT(==, C_TYPE, (_AP_W2), (_AP_S2)) \
  ^
/home/MakerIris/.var/app/com.github.corna.Vivado/data/xilinx-install/2025.2/Vitis/include/etc/ap_private.h:7356:38: note: expanded from macro 'REF_REL_OP_MIX_INT'
  HLS_CONSTEXPR_EXTRA AP_INLINE bool operator REL_OP(const _private_range_ref<_AP_W, _AP_S>& op,   \
                                     ^
/home/MakerIris/.var/app/com.github.corna.Vivado/data/xilinx-install/2025.2/Vitis/include/etc/ap_private.h:7398:1: note: candidate template ignored: could not match '_private_range_ref<_AP_W, _AP_S>' against 'long'
/home/MakerIris/.var/app/com.github.corna.Vivado/data/xilinx-install/2025.2/Vitis/include/etc/ap_private.h:7384:3: note: expanded from macro 'REF_REL_MIX_INT'
  REF_REL_OP_MIX_INT(==, C_TYPE, (_AP_W2), (_AP_S2)) \
  ^
/home/MakerIris/.var/app/com.github.corna.Vivado/data/xilinx-install/2025.2/Vitis/include/etc/ap_private.h:7363:38: note: expanded from macro 'REF_REL_OP_MIX_INT'
  HLS_CONSTEXPR_EXTRA AP_INLINE bool operator REL_OP(C_TYPE op2,                                   \
                                     ^
/home/MakerIris/.var/app/com.github.corna.Vivado/data/xilinx-install/2025.2/Vitis/include/etc/ap_private.h:7398:1: note: candidate template ignored: could not match '_private_bit_ref' against 'axis'
/home/MakerIris/.var/app/com.github.corna.Vivado/data/xilinx-install/2025.2/Vitis/include/etc/ap_private.h:7384:3: note: expanded from macro 'REF_REL_MIX_INT'
  REF_REL_OP_MIX_INT(==, C_TYPE, (_AP_W2), (_AP_S2)) \
  ^
/home/MakerIris/.var/app/com.github.corna.Vivado/data/xilinx-install/2025.2/Vitis/include/etc/ap_private.h:7369:38: note: expanded from macro 'REF_REL_OP_MIX_INT'
  HLS_CONSTEXPR_EXTRA AP_INLINE bool operator REL_OP(const _private_bit_ref<_AP_W, _AP_S>& op,     \
                                     ^
/home/MakerIris/.var/app/com.github.corna.Vivado/data/xilinx-install/2025.2/Vitis/include/etc/ap_private.h:7398:1: note: candidate template ignored: could not match '_private_bit_ref<_AP_W, _AP_S>' against 'long'
/home/MakerIris/.var/app/com.github.corna.Vivado/data/xilinx-install/2025.2/Vitis/include/etc/ap_private.h:7384:3: note: expanded from macro 'REF_REL_MIX_INT'
  REF_REL_OP_MIX_INT(==, C_TYPE, (_AP_W2), (_AP_S2)) \
  ^
/home/MakerIris/.var/app/com.github.corna.Vivado/data/xilinx-install/2025.2/Vitis/include/etc/ap_private.h:7374:38: note: expanded from macro 'REF_REL_OP_MIX_INT'
  HLS_CONSTEXPR_EXTRA AP_INLINE bool operator REL_OP(C_TYPE op2,                                   \
                                     ^
/home/MakerIris/.var/app/com.github.corna.Vivado/data/xilinx-install/2025.2/Vitis/include/etc/ap_int_base.h:1763:1: note: candidate template ignored: could not match 'ap_int_base<_AP_W, _AP_S>' against 'long'
ALL_OP_REL_WITH_INT(bool, 1, false)
^
/home/MakerIris/.var/app/com.github.corna.Vivado/data/xilinx-install/2025.2/Vitis/include/etc/ap_int_base.h:1760:3: note: expanded from macro 'ALL_OP_REL_WITH_INT'
  OP_REL_WITH_INT(==, C_TYPE, _AP_W2, _AP_S2)       \
  ^
/home/MakerIris/.var/app/com.github.corna.Vivado/data/xilinx-install/2025.2/Vitis/include/etc/ap_int_base.h:1745:43: note: expanded from macro 'OP_REL_WITH_INT'
  HLS_CONSTEXPR AP_INLINE AP_NODEBUG bool operator REL_OP(C_TYPE i_op,                           \
                                          ^
/home/MakerIris/.var/app/com.github.corna.Vivado/data/xilinx-install/2025.2/Vitis/include/etc/ap_int_base.h:1763:1: note: candidate template ignored: could not match 'ap_int_base' against 'axis'
/home/MakerIris/.var/app/com.github.corna.Vivado/data/xilinx-install/2025.2/Vitis/include/etc/ap_int_base.h:1760:3: note: expanded from macro 'ALL_OP_REL_WITH_INT'
  OP_REL_WITH_INT(==, C_TYPE, _AP_W2, _AP_S2)       \
  ^
/home/MakerIris/.var/app/com.github.corna.Vivado/data/xilinx-install/2025.2/Vitis/include/etc/ap_int_base.h:1750:43: note: expanded from macro 'OP_REL_WITH_INT'
  HLS_CONSTEXPR AP_INLINE AP_NODEBUG bool operator REL_OP(const ap_int_base<_AP_W, _AP_S>& op,   \
                                          ^
/home/MakerIris/.var/app/com.github.corna.Vivado/data/xilinx-install/2025.2/Vitis/include/etc/ap_int_base.h:1764:1: note: candidate template ignored: could not match 'ap_int_base<_AP_W, _AP_S>' against 'long'
ALL_OP_REL_WITH_INT(char, 8, CHAR_IS_SIGNED)
^
/home/MakerIris/.var/app/com.github.corna.Vivado/data/xilinx-install/2025.2/Vitis/include/etc/ap_int_base.h:1760:3: note: expanded from macro 'ALL_OP_REL_WITH_INT'
  OP_REL_WITH_INT(==, C_TYPE, _AP_W2, _AP_S2)       \
  ^
/home/MakerIris/.var/app/com.github.corna.Vivado/data/xilinx-install/2025.2/Vitis/include/etc/ap_int_base.h:1745:43: note: expanded from macro 'OP_REL_WITH_INT'
  HLS_CONSTEXPR AP_INLINE AP_NODEBUG bool operator REL_OP(C_TYPE i_op,                           \
                                          ^
/home/MakerIris/.var/app/com.github.corna.Vivado/data/xilinx-install/2025.2/Vitis/include/etc/ap_int_base.h:1764:1: note: candidate template ignored: could not match 'ap_int_base' against 'axis'
/home/MakerIris/.var/app/com.github.corna.Vivado/data/xilinx-install/2025.2/Vitis/include/etc/ap_int_base.h:1760:3: note: expanded from macro 'ALL_OP_REL_WITH_INT'
  OP_REL_WITH_INT(==, C_TYPE, _AP_W2, _AP_S2)       \
  ^
/home/MakerIris/.var/app/com.github.corna.Vivado/data/xilinx-install/2025.2/Vitis/include/etc/ap_int_base.h:1750:43: note: expanded from macro 'OP_REL_WITH_INT'
  HLS_CONSTEXPR AP_INLINE AP_NODEBUG bool operator REL_OP(const ap_int_base<_AP_W, _AP_S>& op,   \
                                          ^
/home/MakerIris/.var/app/com.github.corna.Vivado/data/xilinx-install/2025.2/Vitis/include/etc/ap_int_base.h:1765:1: note: candidate template ignored: could not match 'ap_int_base<_AP_W, _AP_S>' against 'long'
ALL_OP_REL_WITH_INT(signed char, 8, true)
^
/home/MakerIris/.var/app/com.github.corna.Vivado/data/xilinx-install/2025.2/Vitis/include/etc/ap_int_base.h:1760:3: note: expanded from macro 'ALL_OP_REL_WITH_INT'
  OP_REL_WITH_INT(==, C_TYPE, _AP_W2, _AP_S2)       \
  ^
/home/MakerIris/.var/app/com.github.corna.Vivado/data/xilinx-install/2025.2/Vitis/include/etc/ap_int_base.h:1745:43: note: expanded from macro 'OP_REL_WITH_INT'
  HLS_CONSTEXPR AP_INLINE AP_NODEBUG bool operator REL_OP(C_TYPE i_op,                           \
                                          ^
/home/MakerIris/.var/app/com.github.corna.Vivado/data/xilinx-install/2025.2/Vitis/include/etc/ap_int_base.h:1765:1: note: candidate template ignored: could not match 'ap_int_base' against 'axis'
/home/MakerIris/.var/app/com.github.corna.Vivado/data/xilinx-install/2025.2/Vitis/include/etc/ap_int_base.h:1760:3: note: expanded from macro 'ALL_OP_REL_WITH_INT'
  OP_REL_WITH_INT(==, C_TYPE, _AP_W2, _AP_S2)       \
  ^
/home/MakerIris/.var/app/com.github.corna.Vivado/data/xilinx-install/2025.2/Vitis/include/etc/ap_int_base.h:1750:43: note: expanded from macro 'OP_REL_WITH_INT'
  HLS_CONSTEXPR AP_INLINE AP_NODEBUG bool operator REL_OP(const ap_int_base<_AP_W, _AP_S>& op,   \
                                          ^
/home/MakerIris/.var/app/com.github.corna.Vivado/data/xilinx-install/2025.2/Vitis/include/etc/ap_int_base.h:1766:1: note: candidate template ignored: could not match 'ap_int_base<_AP_W, _AP_S>' against 'long'
ALL_OP_REL_WITH_INT(unsigned char, 8, false)
^
/home/MakerIris/.var/app/com.github.corna.Vivado/data/xilinx-install/2025.2/Vitis/include/etc/ap_int_base.h:1760:3: note: expanded from macro 'ALL_OP_REL_WITH_INT'
  OP_REL_WITH_INT(==, C_TYPE, _AP_W2, _AP_S2)       \
  ^
/home/MakerIris/.var/app/com.github.corna.Vivado/data/xilinx-install/2025.2/Vitis/include/etc/ap_int_base.h:1745:43: note: expanded from macro 'OP_REL_WITH_INT'
  HLS_CONSTEXPR AP_INLINE AP_NODEBUG bool operator REL_OP(C_TYPE i_op,                           \
                                          ^
/home/MakerIris/.var/app/com.github.corna.Vivado/data/xilinx-install/2025.2/Vitis/include/etc/ap_int_base.h:1766:1: note: candidate template ignored: could not match 'ap_int_base' against 'axis'
/home/MakerIris/.var/app/com.github.corna.Vivado/data/xilinx-install/2025.2/Vitis/include/etc/ap_int_base.h:1760:3: note: expanded from macro 'ALL_OP_REL_WITH_INT'
  OP_REL_WITH_INT(==, C_TYPE, _AP_W2, _AP_S2)       \
  ^
/home/MakerIris/.var/app/com.github.corna.Vivado/data/xilinx-install/2025.2/Vitis/include/etc/ap_int_base.h:1750:43: note: expanded from macro 'OP_REL_WITH_INT'
  HLS_CONSTEXPR AP_INLINE AP_NODEBUG bool operator REL_OP(const ap_int_base<_AP_W, _AP_S>& op,   \
                                          ^
/home/MakerIris/.var/app/com.github.corna.Vivado/data/xilinx-install/2025.2/Vitis/include/etc/ap_int_base.h:1767:1: note: candidate template ignored: could not match 'ap_int_base<_AP_W, _AP_S>' against 'long'
ALL_OP_REL_WITH_INT(short, _AP_SIZE_short, true)
^
/home/MakerIris/.var/app/com.github.corna.Vivado/data/xilinx-install/2025.2/Vitis/include/etc/ap_int_base.h:1760:3: note: expanded from macro 'ALL_OP_REL_WITH_INT'
  OP_REL_WITH_INT(==, C_TYPE, _AP_W2, _AP_S2)       \
  ^
/home/MakerIris/.var/app/com.github.corna.Vivado/data/xilinx-install/2025.2/Vitis/include/etc/ap_int_base.h:1745:43: note: expanded from macro 'OP_REL_WITH_INT'
  HLS_CONSTEXPR AP_INLINE AP_NODEBUG bool operator REL_OP(C_TYPE i_op,                           \
                                          ^
/home/MakerIris/.var/app/com.github.corna.Vivado/data/xilinx-install/2025.2/Vitis/include/etc/ap_int_base.h:1767:1: note: candidate template ignored: could not match 'ap_int_base' against 'axis'
/home/MakerIris/.var/app/com.github.corna.Vivado/data/xilinx-install/2025.2/Vitis/include/etc/ap_int_base.h:1760:3: note: expanded from macro 'ALL_OP_REL_WITH_INT'
  OP_REL_WITH_INT(==, C_TYPE, _AP_W2, _AP_S2)       \
  ^
/home/MakerIris/.var/app/com.github.corna.Vivado/data/xilinx-install/2025.2/Vitis/include/etc/ap_int_base.h:1750:43: note: expanded from macro 'OP_REL_WITH_INT'
  HLS_CONSTEXPR AP_INLINE AP_NODEBUG bool operator REL_OP(const ap_int_base<_AP_W, _AP_S>& op,   \
                                          ^
/home/MakerIris/.var/app/com.github.corna.Vivado/data/xilinx-install/2025.2/Vitis/include/etc/ap_int_base.h:1768:1: note: candidate template ignored: could not match 'ap_int_base<_AP_W, _AP_S>' against 'long'
ALL_OP_REL_WITH_INT(unsigned short, _AP_SIZE_short, false)
^
/home/MakerIris/.var/app/com.github.corna.Vivado/data/xilinx-install/2025.2/Vitis/include/etc/ap_int_base.h:1760:3: note: expanded from macro 'ALL_OP_REL_WITH_INT'
  OP_REL_WITH_INT(==, C_TYPE, _AP_W2, _AP_S2)       \
  ^
/home/MakerIris/.var/app/com.github.corna.Vivado/data/xilinx-install/2025.2/Vitis/include/etc/ap_int_base.h:1745:43: note: expanded from macro 'OP_REL_WITH_INT'
  HLS_CONSTEXPR AP_INLINE AP_NODEBUG bool operator REL_OP(C_TYPE i_op,                           \
                                          ^
/home/MakerIris/.var/app/com.github.corna.Vivado/data/xilinx-install/2025.2/Vitis/include/etc/ap_int_base.h:1768:1: note: candidate template ignored: could not match 'ap_int_base' against 'axis'
/home/MakerIris/.var/app/com.github.corna.Vivado/data/xilinx-install/2025.2/Vitis/include/etc/ap_int_base.h:1760:3: note: expanded from macro 'ALL_OP_REL_WITH_INT'
  OP_REL_WITH_INT(==, C_TYPE, _AP_W2, _AP_S2)       \
  ^
/home/MakerIris/.var/app/com.github.corna.Vivado/data/xilinx-install/2025.2/Vitis/include/etc/ap_int_base.h:1750:43: note: expanded from macro 'OP_REL_WITH_INT'
  HLS_CONSTEXPR AP_INLINE AP_NODEBUG bool operator REL_OP(const ap_int_base<_AP_W, _AP_S>& op,   \
                                          ^
/home/MakerIris/.var/app/com.github.corna.Vivado/data/xilinx-install/2025.2/Vitis/include/etc/ap_int_base.h:1769:1: note: candidate template ignored: could not match 'ap_int_base<_AP_W, _AP_S>' against 'long'
ALL_OP_REL_WITH_INT(int, _AP_SIZE_int, true)
^
/home/MakerIris/.var/app/com.github.corna.Vivado/data/xilinx-install/2025.2/Vitis/include/etc/ap_int_base.h:1760:3: note: expanded from macro 'ALL_OP_REL_WITH_INT'
  OP_REL_WITH_INT(==, C_TYPE, _AP_W2, _AP_S2)       \
  ^
/home/MakerIris/.var/app/com.github.corna.Vivado/data/xilinx-install/2025.2/Vitis/include/etc/ap_int_base.h:1745:43: note: expanded from macro 'OP_REL_WITH_INT'
  HLS_CONSTEXPR AP_INLINE AP_NODEBUG bool operator REL_OP(C_TYPE i_op,                           \
                                          ^
/home/MakerIris/.var/app/com.github.corna.Vivado/data/xilinx-install/2025.2/Vitis/include/etc/ap_int_base.h:1769:1: note: candidate template ignored: could not match 'ap_int_base' against 'axis'
/home/MakerIris/.var/app/com.github.corna.Vivado/data/xilinx-install/2025.2/Vitis/include/etc/ap_int_base.h:1760:3: note: expanded from macro 'ALL_OP_REL_WITH_INT'
  OP_REL_WITH_INT(==, C_TYPE, _AP_W2, _AP_S2)       \
  ^
/home/MakerIris/.var/app/com.github.corna.Vivado/data/xilinx-install/2025.2/Vitis/include/etc/ap_int_base.h:1750:43: note: expanded from macro 'OP_REL_WITH_INT'
  HLS_CONSTEXPR AP_INLINE AP_NODEBUG bool operator REL_OP(const ap_int_base<_AP_W, _AP_S>& op,   \
                                          ^
/home/MakerIris/.var/app/com.github.corna.Vivado/data/xilinx-install/2025.2/Vitis/include/etc/ap_int_base.h:1770:1: note: candidate template ignored: could not match 'ap_int_base<_AP_W, _AP_S>' against 'long'
ALL_OP_REL_WITH_INT(unsigned int, _AP_SIZE_int, false)
^
/home/MakerIris/.var/app/com.github.corna.Vivado/data/xilinx-install/2025.2/Vitis/include/etc/ap_int_base.h:1760:3: note: expanded from macro 'ALL_OP_REL_WITH_INT'
  OP_REL_WITH_INT(==, C_TYPE, _AP_W2, _AP_S2)       \
  ^
/home/MakerIris/.var/app/com.github.corna.Vivado/data/xilinx-install/2025.2/Vitis/include/etc/ap_int_base.h:1745:43: note: expanded from macro 'OP_REL_WITH_INT'
  HLS_CONSTEXPR AP_INLINE AP_NODEBUG bool operator REL_OP(C_TYPE i_op,                           \
                                          ^
/home/MakerIris/.var/app/com.github.corna.Vivado/data/xilinx-install/2025.2/Vitis/include/etc/ap_int_base.h:1770:1: note: candidate template ignored: could not match 'ap_int_base' against 'axis'
/home/MakerIris/.var/app/com.github.corna.Vivado/data/xilinx-install/2025.2/Vitis/include/etc/ap_int_base.h:1760:3: note: expanded from macro 'ALL_OP_REL_WITH_INT'
  OP_REL_WITH_INT(==, C_TYPE, _AP_W2, _AP_S2)       \
  ^
/home/MakerIris/.var/app/com.github.corna.Vivado/data/xilinx-install/2025.2/Vitis/include/etc/ap_int_base.h:1750:43: note: expanded from macro 'OP_REL_WITH_INT'
  HLS_CONSTEXPR AP_INLINE AP_NODEBUG bool operator REL_OP(const ap_int_base<_AP_W, _AP_S>& op,   \
                                          ^
/home/MakerIris/.var/app/com.github.corna.Vivado/data/xilinx-install/2025.2/Vitis/include/etc/ap_int_base.h:1771:1: note: candidate template ignored: could not match 'ap_int_base<_AP_W, _AP_S>' against 'long'
ALL_OP_REL_WITH_INT(long, _AP_SIZE_long, true)
^
/home/MakerIris/.var/app/com.github.corna.Vivado/data/xilinx-install/2025.2/Vitis/include/etc/ap_int_base.h:1760:3: note: expanded from macro 'ALL_OP_REL_WITH_INT'
  OP_REL_WITH_INT(==, C_TYPE, _AP_W2, _AP_S2)       \
  ^
/home/MakerIris/.var/app/com.github.corna.Vivado/data/xilinx-install/2025.2/Vitis/include/etc/ap_int_base.h:1745:43: note: expanded from macro 'OP_REL_WITH_INT'
  HLS_CONSTEXPR AP_INLINE AP_NODEBUG bool operator REL_OP(C_TYPE i_op,                           \
                                          ^
/home/MakerIris/.var/app/com.github.corna.Vivado/data/xilinx-install/2025.2/Vitis/include/etc/ap_int_base.h:1771:1: note: candidate template ignored: could not match 'ap_int_base' against 'axis'
/home/MakerIris/.var/app/com.github.corna.Vivado/data/xilinx-install/2025.2/Vitis/include/etc/ap_int_base.h:1760:3: note: expanded from macro 'ALL_OP_REL_WITH_INT'
  OP_REL_WITH_INT(==, C_TYPE, _AP_W2, _AP_S2)       \
  ^
/home/MakerIris/.var/app/com.github.corna.Vivado/data/xilinx-install/2025.2/Vitis/include/etc/ap_int_base.h:1750:43: note: expanded from macro 'OP_REL_WITH_INT'
  HLS_CONSTEXPR AP_INLINE AP_NODEBUG bool operator REL_OP(const ap_int_base<_AP_W, _AP_S>& op,   \
                                          ^
/home/MakerIris/.var/app/com.github.corna.Vivado/data/xilinx-install/2025.2/Vitis/include/etc/ap_int_base.h:1772:1: note: candidate template ignored: could not match 'ap_int_base<_AP_W, _AP_S>' against 'long'
ALL_OP_REL_WITH_INT(unsigned long, _AP_SIZE_long, false)
^
/home/MakerIris/.var/app/com.github.corna.Vivado/data/xilinx-install/2025.2/Vitis/include/etc/ap_int_base.h:1760:3: note: expanded from macro 'ALL_OP_REL_WITH_INT'
  OP_REL_WITH_INT(==, C_TYPE, _AP_W2, _AP_S2)       \
  ^
/home/MakerIris/.var/app/com.github.corna.Vivado/data/xilinx-install/2025.2/Vitis/include/etc/ap_int_base.h:1745:43: note: expanded from macro 'OP_REL_WITH_INT'
  HLS_CONSTEXPR AP_INLINE AP_NODEBUG bool operator REL_OP(C_TYPE i_op,                           \
                                          ^
/home/MakerIris/.var/app/com.github.corna.Vivado/data/xilinx-install/2025.2/Vitis/include/etc/ap_int_base.h:1772:1: note: candidate template ignored: could not match 'ap_int_base' against 'axis'
/home/MakerIris/.var/app/com.github.corna.Vivado/data/xilinx-install/2025.2/Vitis/include/etc/ap_int_base.h:1760:3: note: expanded from macro 'ALL_OP_REL_WITH_INT'
  OP_REL_WITH_INT(==, C_TYPE, _AP_W2, _AP_S2)       \
  ^
/home/MakerIris/.var/app/com.github.corna.Vivado/data/xilinx-install/2025.2/Vitis/include/etc/ap_int_base.h:1750:43: note: expanded from macro 'OP_REL_WITH_INT'
  HLS_CONSTEXPR AP_INLINE AP_NODEBUG bool operator REL_OP(const ap_int_base<_AP_W, _AP_S>& op,   \
                                          ^
/home/MakerIris/.var/app/com.github.corna.Vivado/data/xilinx-install/2025.2/Vitis/include/etc/ap_int_base.h:1773:1: note: candidate template ignored: could not match 'ap_int_base<_AP_W, _AP_S>' against 'long'
ALL_OP_REL_WITH_INT(ap_slong, _AP_SIZE_ap_slong, true)
^
/home/MakerIris/.var/app/com.github.corna.Vivado/data/xilinx-install/2025.2/Vitis/include/etc/ap_int_base.h:1760:3: note: expanded from macro 'ALL_OP_REL_WITH_INT'
  OP_REL_WITH_INT(==, C_TYPE, _AP_W2, _AP_S2)       \
  ^
/home/MakerIris/.var/app/com.github.corna.Vivado/data/xilinx-install/2025.2/Vitis/include/etc/ap_int_base.h:1745:43: note: expanded from macro 'OP_REL_WITH_INT'
  HLS_CONSTEXPR AP_INLINE AP_NODEBUG bool operator REL_OP(C_TYPE i_op,                           \
                                          ^
/home/MakerIris/.var/app/com.github.corna.Vivado/data/xilinx-install/2025.2/Vitis/include/etc/ap_int_base.h:1773:1: note: candidate template ignored: could not match 'ap_int_base' against 'axis'
/home/MakerIris/.var/app/com.github.corna.Vivado/data/xilinx-install/2025.2/Vitis/include/etc/ap_int_base.h:1760:3: note: expanded from macro 'ALL_OP_REL_WITH_INT'
  OP_REL_WITH_INT(==, C_TYPE, _AP_W2, _AP_S2)       \
  ^
/home/MakerIris/.var/app/com.github.corna.Vivado/data/xilinx-install/2025.2/Vitis/include/etc/ap_int_base.h:1750:43: note: expanded from macro 'OP_REL_WITH_INT'
  HLS_CONSTEXPR AP_INLINE AP_NODEBUG bool operator REL_OP(const ap_int_base<_AP_W, _AP_S>& op,   \
                                          ^
/home/MakerIris/.var/app/com.github.corna.Vivado/data/xilinx-install/2025.2/Vitis/include/etc/ap_int_base.h:1774:1: note: candidate template ignored: could not match 'ap_int_base<_AP_W, _AP_S>' against 'long'
ALL_OP_REL_WITH_INT(ap_ulong, _AP_SIZE_ap_slong, false)
^
/home/MakerIris/.var/app/com.github.corna.Vivado/data/xilinx-install/2025.2/Vitis/include/etc/ap_int_base.h:1760:3: note: expanded from macro 'ALL_OP_REL_WITH_INT'
  OP_REL_WITH_INT(==, C_TYPE, _AP_W2, _AP_S2)       \
  ^
/home/MakerIris/.var/app/com.github.corna.Vivado/data/xilinx-install/2025.2/Vitis/include/etc/ap_int_base.h:1745:43: note: expanded from macro 'OP_REL_WITH_INT'
  HLS_CONSTEXPR AP_INLINE AP_NODEBUG bool operator REL_OP(C_TYPE i_op,                           \
                                          ^
/home/MakerIris/.var/app/com.github.corna.Vivado/data/xilinx-install/2025.2/Vitis/include/etc/ap_int_base.h:1774:1: note: candidate template ignored: could not match 'ap_int_base' against 'axis'
/home/MakerIris/.var/app/com.github.corna.Vivado/data/xilinx-install/2025.2/Vitis/include/etc/ap_int_base.h:1760:3: note: expanded from macro 'ALL_OP_REL_WITH_INT'
  OP_REL_WITH_INT(==, C_TYPE, _AP_W2, _AP_S2)       \
  ^
/home/MakerIris/.var/app/com.github.corna.Vivado/data/xilinx-install/2025.2/Vitis/include/etc/ap_int_base.h:1750:43: note: expanded from macro 'OP_REL_WITH_INT'
  HLS_CONSTEXPR AP_INLINE AP_NODEBUG bool operator REL_OP(const ap_int_base<_AP_W, _AP_S>& op,   \
                                          ^
/home/MakerIris/.var/app/com.github.corna.Vivado/data/xilinx-install/2025.2/Vitis/include/etc/ap_int_base.h:1804:3: note: candidate template ignored: could not match 'ap_int_base' against 'axis'
  OP_REL_WITH_DOUBLE_OR_FLOAT(==)
  ^
/home/MakerIris/.var/app/com.github.corna.Vivado/data/xilinx-install/2025.2/Vitis/include/etc/ap_int_base.h:1781:43: note: expanded from macro 'OP_REL_WITH_DOUBLE_OR_FLOAT'
  HLS_CONSTEXPR AP_INLINE AP_NODEBUG bool operator Sym(const ap_int_base<_AP_W, _AP_S>& op1,    \
                                          ^
/home/MakerIris/.var/app/com.github.corna.Vivado/data/xilinx-install/2025.2/Vitis/include/etc/ap_int_base.h:1804:3: note: candidate template ignored: could not match 'ap_int_base<_AP_W, _AP_S>' against 'long'
/home/MakerIris/.var/app/com.github.corna.Vivado/data/xilinx-install/2025.2/Vitis/include/etc/ap_int_base.h:1786:43: note: expanded from macro 'OP_REL_WITH_DOUBLE_OR_FLOAT'
  HLS_CONSTEXPR AP_INLINE AP_NODEBUG bool operator Sym(double op1,                              \
                                          ^
/home/MakerIris/.var/app/com.github.corna.Vivado/data/xilinx-install/2025.2/Vitis/include/etc/ap_int_base.h:1804:3: note: candidate template ignored: could not match 'ap_int_base' against 'axis'
/home/MakerIris/.var/app/com.github.corna.Vivado/data/xilinx-install/2025.2/Vitis/include/etc/ap_int_base.h:1791:43: note: expanded from macro 'OP_REL_WITH_DOUBLE_OR_FLOAT'
  HLS_CONSTEXPR AP_INLINE AP_NODEBUG bool operator Sym(const ap_int_base<_AP_W, _AP_S>& op1,    \
                                          ^
/home/MakerIris/.var/app/com.github.corna.Vivado/data/xilinx-install/2025.2/Vitis/include/etc/ap_int_base.h:1804:3: note: candidate template ignored: could not match 'ap_int_base<_AP_W, _AP_S>' against 'long'
/home/MakerIris/.var/app/com.github.corna.Vivado/data/xilinx-install/2025.2/Vitis/include/etc/ap_int_base.h:1796:43: note: expanded from macro 'OP_REL_WITH_DOUBLE_OR_FLOAT'
  HLS_CONSTEXPR AP_INLINE AP_NODEBUG bool operator Sym(float op1,                               \
                                          ^
/home/MakerIris/.var/app/com.github.corna.Vivado/data/xilinx-install/2025.2/Vitis/include/etc/ap_int_base.h:1912:1: note: candidate template ignored: could not match 'ap_range_ref' against 'axis'
OP_REL_WITH_RANGE(==)
^
/home/MakerIris/.var/app/com.github.corna.Vivado/data/xilinx-install/2025.2/Vitis/include/etc/ap_int_base.h:1902:29: note: expanded from macro 'OP_REL_WITH_RANGE'
  AP_INLINE AP_NODEBUG bool operator REL_OP(const ap_range_ref<_AP_W1, _AP_S1>& op1,     \
                            ^
/home/MakerIris/.var/app/com.github.corna.Vivado/data/xilinx-install/2025.2/Vitis/include/etc/ap_int_base.h:1912:1: note: candidate template ignored: could not match 'ap_int_base' against 'axis'
/home/MakerIris/.var/app/com.github.corna.Vivado/data/xilinx-install/2025.2/Vitis/include/etc/ap_int_base.h:1907:29: note: expanded from macro 'OP_REL_WITH_RANGE'
  AP_INLINE AP_NODEBUG bool operator REL_OP(const ap_int_base<_AP_W1, _AP_S1>& op1,      \
                            ^
/home/MakerIris/.var/app/com.github.corna.Vivado/data/xilinx-install/2025.2/Vitis/include/etc/ap_int_base.h:2021:1: note: candidate template ignored: could not match 'ap_int_base' against 'axis'
OP_REL_WITH_BIT(==)
^
/home/MakerIris/.var/app/com.github.corna.Vivado/data/xilinx-install/2025.2/Vitis/include/etc/ap_int_base.h:2011:29: note: expanded from macro 'OP_REL_WITH_BIT'
  AP_INLINE AP_NODEBUG bool operator REL_OP(const ap_int_base<_AP_W1, _AP_S1>& op1,   \
                            ^
/home/MakerIris/.var/app/com.github.corna.Vivado/data/xilinx-install/2025.2/Vitis/include/etc/ap_int_base.h:2021:1: note: candidate template ignored: could not match 'ap_bit_ref' against 'axis'
/home/MakerIris/.var/app/com.github.corna.Vivado/data/xilinx-install/2025.2/Vitis/include/etc/ap_int_base.h:2016:29: note: expanded from macro 'OP_REL_WITH_BIT'
  AP_INLINE AP_NODEBUG bool operator REL_OP(const ap_bit_ref<_AP_W1, _AP_S1>& op1,    \
                            ^
/home/MakerIris/.var/app/com.github.corna.Vivado/data/xilinx-install/2025.2/Vitis/include/etc/ap_int_base.h:2128:1: note: candidate template ignored: could not match 'ap_int_base' against 'axis'
OP_REL_WITH_CONCAT(==)
^
/home/MakerIris/.var/app/com.github.corna.Vivado/data/xilinx-install/2025.2/Vitis/include/etc/ap_int_base.h:2113:29: note: expanded from macro 'OP_REL_WITH_CONCAT'
  AP_INLINE AP_NODEBUG bool operator REL_OP(                                        \
                            ^
/home/MakerIris/.var/app/com.github.corna.Vivado/data/xilinx-install/2025.2/Vitis/include/etc/ap_int_base.h:2128:1: note: candidate template ignored: could not match 'ap_concat_ref' against 'axis'
/home/MakerIris/.var/app/com.github.corna.Vivado/data/xilinx-install/2025.2/Vitis/include/etc/ap_int_base.h:2121:29: note: expanded from macro 'OP_REL_WITH_CONCAT'
  AP_INLINE AP_NODEBUG bool operator REL_OP(                                        \
                            ^
/home/MakerIris/.var/app/com.github.corna.Vivado/data/xilinx-install/2025.2/Vitis/include/etc/ap_int_ref.h:1054:1: note: candidate template ignored: could not match 'ap_range_ref' against 'axis'
REF_REL_WITH_INT_2(bool, 1, false)
^
/home/MakerIris/.var/app/com.github.corna.Vivado/data/xilinx-install/2025.2/Vitis/include/etc/ap_int_ref.h:1051:3: note: expanded from macro 'REF_REL_WITH_INT_2'
  REF_REL_OP_WITH_INT(==, C_TYPE, _AP_WI, _AP_SI)  \
  ^
/home/MakerIris/.var/app/com.github.corna.Vivado/data/xilinx-install/2025.2/Vitis/include/etc/ap_int_ref.h:1007:29: note: expanded from macro 'REF_REL_OP_WITH_INT'
  AP_INLINE AP_NODEBUG bool operator REL_OP(const ap_range_ref<_AP_W, _AP_S>& op,        \
                            ^
/home/MakerIris/.var/app/com.github.corna.Vivado/data/xilinx-install/2025.2/Vitis/include/etc/ap_int_ref.h:1054:1: note: candidate template ignored: could not match 'ap_bit_ref' against 'axis'
/home/MakerIris/.var/app/com.github.corna.Vivado/data/xilinx-install/2025.2/Vitis/include/etc/ap_int_ref.h:1051:3: note: expanded from macro 'REF_REL_WITH_INT_2'
  REF_REL_OP_WITH_INT(==, C_TYPE, _AP_WI, _AP_SI)  \
  ^
/home/MakerIris/.var/app/com.github.corna.Vivado/data/xilinx-install/2025.2/Vitis/include/etc/ap_int_ref.h:1013:29: note: expanded from macro 'REF_REL_OP_WITH_INT'
  AP_INLINE AP_NODEBUG bool operator REL_OP(const ap_bit_ref<_AP_W, _AP_S>& op,          \
                            ^
/home/MakerIris/.var/app/com.github.corna.Vivado/data/xilinx-install/2025.2/Vitis/include/etc/ap_int_ref.h:1054:1: note: candidate template ignored: could not match 'ap_bit_ref<_AP_W, _AP_S>' against 'long'
/home/MakerIris/.var/app/com.github.corna.Vivado/data/xilinx-install/2025.2/Vitis/include/etc/ap_int_ref.h:1051:3: note: expanded from macro 'REF_REL_WITH_INT_2'
  REF_REL_OP_WITH_INT(==, C_TYPE, _AP_WI, _AP_SI)  \
  ^
/home/MakerIris/.var/app/com.github.corna.Vivado/data/xilinx-install/2025.2/Vitis/include/etc/ap_int_ref.h:1018:29: note: expanded from macro 'REF_REL_OP_WITH_INT'
  AP_INLINE AP_NODEBUG bool operator REL_OP(C_TYPE op2,                                  \
                            ^
/home/MakerIris/.var/app/com.github.corna.Vivado/data/xilinx-install/2025.2/Vitis/include/etc/ap_int_ref.h:1054:1: note: candidate template ignored: could not match 'ap_concat_ref' against 'axis'
/home/MakerIris/.var/app/com.github.corna.Vivado/data/xilinx-install/2025.2/Vitis/include/etc/ap_int_ref.h:1051:3: note: expanded from macro 'REF_REL_WITH_INT_2'
  REF_REL_OP_WITH_INT(==, C_TYPE, _AP_WI, _AP_SI)  \
  ^
/home/MakerIris/.var/app/com.github.corna.Vivado/data/xilinx-install/2025.2/Vitis/include/etc/ap_int_ref.h:1023:29: note: expanded from macro 'REF_REL_OP_WITH_INT'
  AP_INLINE AP_NODEBUG bool operator REL_OP(                                             \
                            ^
/home/MakerIris/.var/app/com.github.corna.Vivado/data/xilinx-install/2025.2/Vitis/include/etc/ap_int_ref.h:1055:1: note: candidate template ignored: could not match 'ap_range_ref' against 'axis'
REF_REL_WITH_INT_2(char, 8, CHAR_IS_SIGNED)
^
/home/MakerIris/.var/app/com.github.corna.Vivado/data/xilinx-install/2025.2/Vitis/include/etc/ap_int_ref.h:1051:3: note: expanded from macro 'REF_REL_WITH_INT_2'
  REF_REL_OP_WITH_INT(==, C_TYPE, _AP_WI, _AP_SI)  \
  ^
/home/MakerIris/.var/app/com.github.corna.Vivado/data/xilinx-install/2025.2/Vitis/include/etc/ap_int_ref.h:1007:29: note: expanded from macro 'REF_REL_OP_WITH_INT'
  AP_INLINE AP_NODEBUG bool operator REL_OP(const ap_range_ref<_AP_W, _AP_S>& op,        \
                            ^
/home/MakerIris/.var/app/com.github.corna.Vivado/data/xilinx-install/2025.2/Vitis/include/etc/ap_int_ref.h:1055:1: note: candidate template ignored: could not match 'ap_bit_ref' against 'axis'
/home/MakerIris/.var/app/com.github.corna.Vivado/data/xilinx-install/2025.2/Vitis/include/etc/ap_int_ref.h:1051:3: note: expanded from macro 'REF_REL_WITH_INT_2'
  REF_REL_OP_WITH_INT(==, C_TYPE, _AP_WI, _AP_SI)  \
  ^
/home/MakerIris/.var/app/com.github.corna.Vivado/data/xilinx-install/2025.2/Vitis/include/etc/ap_int_ref.h:1013:29: note: expanded from macro 'REF_REL_OP_WITH_INT'
  AP_INLINE AP_NODEBUG bool operator REL_OP(const ap_bit_ref<_AP_W, _AP_S>& op,          \
                            ^
/home/MakerIris/.var/app/com.github.corna.Vivado/data/xilinx-install/2025.2/Vitis/include/etc/ap_int_ref.h:1055:1: note: candidate template ignored: could not match 'ap_bit_ref<_AP_W, _AP_S>' against 'long'
/home/MakerIris/.var/app/com.github.corna.Vivado/data/xilinx-install/2025.2/Vitis/include/etc/ap_int_ref.h:1051:3: note: expanded from macro 'REF_REL_WITH_INT_2'
  REF_REL_OP_WITH_INT(==, C_TYPE, _AP_WI, _AP_SI)  \
  ^
/home/MakerIris/.var/app/com.github.corna.Vivado/data/xilinx-install/2025.2/Vitis/include/etc/ap_int_ref.h:1018:29: note: expanded from macro 'REF_REL_OP_WITH_INT'
  AP_INLINE AP_NODEBUG bool operator REL_OP(C_TYPE op2,                                  \
                            ^
/home/MakerIris/.var/app/com.github.corna.Vivado/data/xilinx-install/2025.2/Vitis/include/etc/ap_int_ref.h:1055:1: note: candidate template ignored: could not match 'ap_concat_ref' against 'axis'
/home/MakerIris/.var/app/com.github.corna.Vivado/data/xilinx-install/2025.2/Vitis/include/etc/ap_int_ref.h:1051:3: note: expanded from macro 'REF_REL_WITH_INT_2'
  REF_REL_OP_WITH_INT(==, C_TYPE, _AP_WI, _AP_SI)  \
  ^
/home/MakerIris/.var/app/com.github.corna.Vivado/data/xilinx-install/2025.2/Vitis/include/etc/ap_int_ref.h:1023:29: note: expanded from macro 'REF_REL_OP_WITH_INT'
  AP_INLINE AP_NODEBUG bool operator REL_OP(                                             \
                            ^
/home/MakerIris/.var/app/com.github.corna.Vivado/data/xilinx-install/2025.2/Vitis/include/etc/ap_int_ref.h:1056:1: note: candidate template ignored: could not match 'ap_range_ref' against 'axis'
REF_REL_WITH_INT_2(signed char, 8, true)
^
/home/MakerIris/.var/app/com.github.corna.Vivado/data/xilinx-install/2025.2/Vitis/include/etc/ap_int_ref.h:1051:3: note: expanded from macro 'REF_REL_WITH_INT_2'
  REF_REL_OP_WITH_INT(==, C_TYPE, _AP_WI, _AP_SI)  \
  ^
/home/MakerIris/.var/app/com.github.corna.Vivado/data/xilinx-install/2025.2/Vitis/include/etc/ap_int_ref.h:1007:29: note: expanded from macro 'REF_REL_OP_WITH_INT'
  AP_INLINE AP_NODEBUG bool operator REL_OP(const ap_range_ref<_AP_W, _AP_S>& op,        \
                            ^
/home/MakerIris/.var/app/com.github.corna.Vivado/data/xilinx-install/2025.2/Vitis/include/etc/ap_int_ref.h:1056:1: note: candidate template ignored: could not match 'ap_bit_ref' against 'axis'
/home/MakerIris/.var/app/com.github.corna.Vivado/data/xilinx-install/2025.2/Vitis/include/etc/ap_int_ref.h:1051:3: note: expanded from macro 'REF_REL_WITH_INT_2'
  REF_REL_OP_WITH_INT(==, C_TYPE, _AP_WI, _AP_SI)  \
  ^
/home/MakerIris/.var/app/com.github.corna.Vivado/data/xilinx-install/2025.2/Vitis/include/etc/ap_int_ref.h:1013:29: note: expanded from macro 'REF_REL_OP_WITH_INT'
  AP_INLINE AP_NODEBUG bool operator REL_OP(const ap_bit_ref<_AP_W, _AP_S>& op,          \
                            ^
/home/MakerIris/.var/app/com.github.corna.Vivado/data/xilinx-install/2025.2/Vitis/include/etc/ap_int_ref.h:1056:1: note: candidate template ignored: could not match 'ap_bit_ref<_AP_W, _AP_S>' against 'long'
/home/MakerIris/.var/app/com.github.corna.Vivado/data/xilinx-install/2025.2/Vitis/include/etc/ap_int_ref.h:1051:3: note: expanded from macro 'REF_REL_WITH_INT_2'
  REF_REL_OP_WITH_INT(==, C_TYPE, _AP_WI, _AP_SI)  \
  ^
/home/MakerIris/.var/app/com.github.corna.Vivado/data/xilinx-install/2025.2/Vitis/include/etc/ap_int_ref.h:1018:29: note: expanded from macro 'REF_REL_OP_WITH_INT'
  AP_INLINE AP_NODEBUG bool operator REL_OP(C_TYPE op2,                                  \
                            ^
/home/MakerIris/.var/app/com.github.corna.Vivado/data/xilinx-install/2025.2/Vitis/include/etc/ap_int_ref.h:1056:1: note: candidate template ignored: could not match 'ap_concat_ref' against 'axis'
/home/MakerIris/.var/app/com.github.corna.Vivado/data/xilinx-install/2025.2/Vitis/include/etc/ap_int_ref.h:1051:3: note: expanded from macro 'REF_REL_WITH_INT_2'
  REF_REL_OP_WITH_INT(==, C_TYPE, _AP_WI, _AP_SI)  \
  ^
/home/MakerIris/.var/app/com.github.corna.Vivado/data/xilinx-install/2025.2/Vitis/include/etc/ap_int_ref.h:1023:29: note: expanded from macro 'REF_REL_OP_WITH_INT'
  AP_INLINE AP_NODEBUG bool operator REL_OP(                                             \
                            ^
/home/MakerIris/.var/app/com.github.corna.Vivado/data/xilinx-install/2025.2/Vitis/include/etc/ap_int_ref.h:1057:1: note: candidate template ignored: could not match 'ap_range_ref' against 'axis'
REF_REL_WITH_INT_2(unsigned char, 8, false)
^
/home/MakerIris/.var/app/com.github.corna.Vivado/data/xilinx-install/2025.2/Vitis/include/etc/ap_int_ref.h:1051:3: note: expanded from macro 'REF_REL_WITH_INT_2'
  REF_REL_OP_WITH_INT(==, C_TYPE, _AP_WI, _AP_SI)  \
  ^
/home/MakerIris/.var/app/com.github.corna.Vivado/data/xilinx-install/2025.2/Vitis/include/etc/ap_int_ref.h:1007:29: note: expanded from macro 'REF_REL_OP_WITH_INT'
  AP_INLINE AP_NODEBUG bool operator REL_OP(const ap_range_ref<_AP_W, _AP_S>& op,        \
                            ^
/home/MakerIris/.var/app/com.github.corna.Vivado/data/xilinx-install/2025.2/Vitis/include/etc/ap_int_ref.h:1057:1: note: candidate template ignored: could not match 'ap_bit_ref' against 'axis'
/home/MakerIris/.var/app/com.github.corna.Vivado/data/xilinx-install/2025.2/Vitis/include/etc/ap_int_ref.h:1051:3: note: expanded from macro 'REF_REL_WITH_INT_2'
  REF_REL_OP_WITH_INT(==, C_TYPE, _AP_WI, _AP_SI)  \
  ^
/home/MakerIris/.var/app/com.github.corna.Vivado/data/xilinx-install/2025.2/Vitis/include/etc/ap_int_ref.h:1013:29: note: expanded from macro 'REF_REL_OP_WITH_INT'
  AP_INLINE AP_NODEBUG bool operator REL_OP(const ap_bit_ref<_AP_W, _AP_S>& op,          \
                            ^
/home/MakerIris/.var/app/com.github.corna.Vivado/data/xilinx-install/2025.2/Vitis/include/etc/ap_int_ref.h:1057:1: note: candidate template ignored: could not match 'ap_bit_ref<_AP_W, _AP_S>' against 'long'
/home/MakerIris/.var/app/com.github.corna.Vivado/data/xilinx-install/2025.2/Vitis/include/etc/ap_int_ref.h:1051:3: note: expanded from macro 'REF_REL_WITH_INT_2'
  REF_REL_OP_WITH_INT(==, C_TYPE, _AP_WI, _AP_SI)  \
  ^
/home/MakerIris/.var/app/com.github.corna.Vivado/data/xilinx-install/2025.2/Vitis/include/etc/ap_int_ref.h:1018:29: note: expanded from macro 'REF_REL_OP_WITH_INT'
  AP_INLINE AP_NODEBUG bool operator REL_OP(C_TYPE op2,                                  \
                            ^
/home/MakerIris/.var/app/com.github.corna.Vivado/data/xilinx-install/2025.2/Vitis/include/etc/ap_int_ref.h:1057:1: note: candidate template ignored: could not match 'ap_concat_ref' against 'axis'
/home/MakerIris/.var/app/com.github.corna.Vivado/data/xilinx-install/2025.2/Vitis/include/etc/ap_int_ref.h:1051:3: note: expanded from macro 'REF_REL_WITH_INT_2'
  REF_REL_OP_WITH_INT(==, C_TYPE, _AP_WI, _AP_SI)  \
  ^
/home/MakerIris/.var/app/com.github.corna.Vivado/data/xilinx-install/2025.2/Vitis/include/etc/ap_int_ref.h:1023:29: note: expanded from macro 'REF_REL_OP_WITH_INT'
  AP_INLINE AP_NODEBUG bool operator REL_OP(                                             \
                            ^
/home/MakerIris/.var/app/com.github.corna.Vivado/data/xilinx-install/2025.2/Vitis/include/etc/ap_int_ref.h:1058:1: note: candidate template ignored: could not match 'ap_range_ref' against 'axis'
REF_REL_WITH_INT_2(short, _AP_SIZE_short, true)
^
/home/MakerIris/.var/app/com.github.corna.Vivado/data/xilinx-install/2025.2/Vitis/include/etc/ap_int_ref.h:1051:3: note: expanded from macro 'REF_REL_WITH_INT_2'
  REF_REL_OP_WITH_INT(==, C_TYPE, _AP_WI, _AP_SI)  \
  ^
/home/MakerIris/.var/app/com.github.corna.Vivado/data/xilinx-install/2025.2/Vitis/include/etc/ap_int_ref.h:1007:29: note: expanded from macro 'REF_REL_OP_WITH_INT'
  AP_INLINE AP_NODEBUG bool operator REL_OP(const ap_range_ref<_AP_W, _AP_S>& op,        \
                            ^
/home/MakerIris/.var/app/com.github.corna.Vivado/data/xilinx-install/2025.2/Vitis/include/etc/ap_int_ref.h:1058:1: note: candidate template ignored: could not match 'ap_bit_ref' against 'axis'
/home/MakerIris/.var/app/com.github.corna.Vivado/data/xilinx-install/2025.2/Vitis/include/etc/ap_int_ref.h:1051:3: note: expanded from macro 'REF_REL_WITH_INT_2'
  REF_REL_OP_WITH_INT(==, C_TYPE, _AP_WI, _AP_SI)  \
  ^
/home/MakerIris/.var/app/com.github.corna.Vivado/data/xilinx-install/2025.2/Vitis/include/etc/ap_int_ref.h:1013:29: note: expanded from macro 'REF_REL_OP_WITH_INT'
  AP_INLINE AP_NODEBUG bool operator REL_OP(const ap_bit_ref<_AP_W, _AP_S>& op,          \
                            ^
/home/MakerIris/.var/app/com.github.corna.Vivado/data/xilinx-install/2025.2/Vitis/include/etc/ap_int_ref.h:1058:1: note: candidate template ignored: could not match 'ap_bit_ref<_AP_W, _AP_S>' against 'long'
/home/MakerIris/.var/app/com.github.corna.Vivado/data/xilinx-install/2025.2/Vitis/include/etc/ap_int_ref.h:1051:3: note: expanded from macro 'REF_REL_WITH_INT_2'
  REF_REL_OP_WITH_INT(==, C_TYPE, _AP_WI, _AP_SI)  \
  ^
/home/MakerIris/.var/app/com.github.corna.Vivado/data/xilinx-install/2025.2/Vitis/include/etc/ap_int_ref.h:1018:29: note: expanded from macro 'REF_REL_OP_WITH_INT'
  AP_INLINE AP_NODEBUG bool operator REL_OP(C_TYPE op2,                                  \
                            ^
/home/MakerIris/.var/app/com.github.corna.Vivado/data/xilinx-install/2025.2/Vitis/include/etc/ap_int_ref.h:1058:1: note: candidate template ignored: could not match 'ap_concat_ref' against 'axis'
/home/MakerIris/.var/app/com.github.corna.Vivado/data/xilinx-install/2025.2/Vitis/include/etc/ap_int_ref.h:1051:3: note: expanded from macro 'REF_REL_WITH_INT_2'
  REF_REL_OP_WITH_INT(==, C_TYPE, _AP_WI, _AP_SI)  \
  ^
/home/MakerIris/.var/app/com.github.corna.Vivado/data/xilinx-install/2025.2/Vitis/include/etc/ap_int_ref.h:1023:29: note: expanded from macro 'REF_REL_OP_WITH_INT'
  AP_INLINE AP_NODEBUG bool operator REL_OP(                                             \
                            ^
/home/MakerIris/.var/app/com.github.corna.Vivado/data/xilinx-install/2025.2/Vitis/include/etc/ap_int_ref.h:1059:1: note: candidate template ignored: could not match 'ap_range_ref' against 'axis'
REF_REL_WITH_INT_2(unsigned short, _AP_SIZE_short, false)
^
/home/MakerIris/.var/app/com.github.corna.Vivado/data/xilinx-install/2025.2/Vitis/include/etc/ap_int_ref.h:1051:3: note: expanded from macro 'REF_REL_WITH_INT_2'
  REF_REL_OP_WITH_INT(==, C_TYPE, _AP_WI, _AP_SI)  \
  ^
/home/MakerIris/.var/app/com.github.corna.Vivado/data/xilinx-install/2025.2/Vitis/include/etc/ap_int_ref.h:1007:29: note: expanded from macro 'REF_REL_OP_WITH_INT'
  AP_INLINE AP_NODEBUG bool operator REL_OP(const ap_range_ref<_AP_W, _AP_S>& op,        \
                            ^
/home/MakerIris/.var/app/com.github.corna.Vivado/data/xilinx-install/2025.2/Vitis/include/etc/ap_int_ref.h:1059:1: note: candidate template ignored: could not match 'ap_bit_ref' against 'axis'
/home/MakerIris/.var/app/com.github.corna.Vivado/data/xilinx-install/2025.2/Vitis/include/etc/ap_int_ref.h:1051:3: note: expanded from macro 'REF_REL_WITH_INT_2'
  REF_REL_OP_WITH_INT(==, C_TYPE, _AP_WI, _AP_SI)  \
  ^
/home/MakerIris/.var/app/com.github.corna.Vivado/data/xilinx-install/2025.2/Vitis/include/etc/ap_int_ref.h:1013:29: note: expanded from macro 'REF_REL_OP_WITH_INT'
  AP_INLINE AP_NODEBUG bool operator REL_OP(const ap_bit_ref<_AP_W, _AP_S>& op,          \
                            ^
/home/MakerIris/.var/app/com.github.corna.Vivado/data/xilinx-install/2025.2/Vitis/include/etc/ap_int_ref.h:1059:1: note: candidate template ignored: could not match 'ap_bit_ref<_AP_W, _AP_S>' against 'long'
/home/MakerIris/.var/app/com.github.corna.Vivado/data/xilinx-install/2025.2/Vitis/include/etc/ap_int_ref.h:1051:3: note: expanded from macro 'REF_REL_WITH_INT_2'
  REF_REL_OP_WITH_INT(==, C_TYPE, _AP_WI, _AP_SI)  \
  ^
/home/MakerIris/.var/app/com.github.corna.Vivado/data/xilinx-install/2025.2/Vitis/include/etc/ap_int_ref.h:1018:29: note: expanded from macro 'REF_REL_OP_WITH_INT'
  AP_INLINE AP_NODEBUG bool operator REL_OP(C_TYPE op2,                                  \
                            ^
/home/MakerIris/.var/app/com.github.corna.Vivado/data/xilinx-install/2025.2/Vitis/include/etc/ap_int_ref.h:1059:1: note: candidate template ignored: could not match 'ap_concat_ref' against 'axis'
/home/MakerIris/.var/app/com.github.corna.Vivado/data/xilinx-install/2025.2/Vitis/include/etc/ap_int_ref.h:1051:3: note: expanded from macro 'REF_REL_WITH_INT_2'
  REF_REL_OP_WITH_INT(==, C_TYPE, _AP_WI, _AP_SI)  \
  ^
/home/MakerIris/.var/app/com.github.corna.Vivado/data/xilinx-install/2025.2/Vitis/include/etc/ap_int_ref.h:1023:29: note: expanded from macro 'REF_REL_OP_WITH_INT'
  AP_INLINE AP_NODEBUG bool operator REL_OP(                                             \
                            ^
/home/MakerIris/.var/app/com.github.corna.Vivado/data/xilinx-install/2025.2/Vitis/include/etc/ap_int_ref.h:1060:1: note: candidate template ignored: could not match 'ap_range_ref' against 'axis'
REF_REL_WITH_INT_2(int, _AP_SIZE_int, true)
^
/home/MakerIris/.var/app/com.github.corna.Vivado/data/xilinx-install/2025.2/Vitis/include/etc/ap_int_ref.h:1051:3: note: expanded from macro 'REF_REL_WITH_INT_2'
  REF_REL_OP_WITH_INT(==, C_TYPE, _AP_WI, _AP_SI)  \
  ^
/home/MakerIris/.var/app/com.github.corna.Vivado/data/xilinx-install/2025.2/Vitis/include/etc/ap_int_ref.h:1007:29: note: expanded from macro 'REF_REL_OP_WITH_INT'
  AP_INLINE AP_NODEBUG bool operator REL_OP(const ap_range_ref<_AP_W, _AP_S>& op,        \
                            ^
/home/MakerIris/.var/app/com.github.corna.Vivado/data/xilinx-install/2025.2/Vitis/include/etc/ap_int_ref.h:1060:1: note: candidate template ignored: could not match 'ap_bit_ref' against 'axis'
/home/MakerIris/.var/app/com.github.corna.Vivado/data/xilinx-install/2025.2/Vitis/include/etc/ap_int_ref.h:1051:3: note: expanded from macro 'REF_REL_WITH_INT_2'
  REF_REL_OP_WITH_INT(==, C_TYPE, _AP_WI, _AP_SI)  \
  ^
/home/MakerIris/.var/app/com.github.corna.Vivado/data/xilinx-install/2025.2/Vitis/include/etc/ap_int_ref.h:1013:29: note: expanded from macro 'REF_REL_OP_WITH_INT'
  AP_INLINE AP_NODEBUG bool operator REL_OP(const ap_bit_ref<_AP_W, _AP_S>& op,          \
                            ^
/home/MakerIris/.var/app/com.github.corna.Vivado/data/xilinx-install/2025.2/Vitis/include/etc/ap_int_ref.h:1060:1: note: candidate template ignored: could not match 'ap_bit_ref<_AP_W, _AP_S>' against 'long'
/home/MakerIris/.var/app/com.github.corna.Vivado/data/xilinx-install/2025.2/Vitis/include/etc/ap_int_ref.h:1051:3: note: expanded from macro 'REF_REL_WITH_INT_2'
  REF_REL_OP_WITH_INT(==, C_TYPE, _AP_WI, _AP_SI)  \
  ^
/home/MakerIris/.var/app/com.github.corna.Vivado/data/xilinx-install/2025.2/Vitis/include/etc/ap_int_ref.h:1018:29: note: expanded from macro 'REF_REL_OP_WITH_INT'
  AP_INLINE AP_NODEBUG bool operator REL_OP(C_TYPE op2,                                  \
                            ^
/home/MakerIris/.var/app/com.github.corna.Vivado/data/xilinx-install/2025.2/Vitis/include/etc/ap_int_ref.h:1060:1: note: candidate template ignored: could not match 'ap_concat_ref' against 'axis'
/home/MakerIris/.var/app/com.github.corna.Vivado/data/xilinx-install/2025.2/Vitis/include/etc/ap_int_ref.h:1051:3: note: expanded from macro 'REF_REL_WITH_INT_2'
  REF_REL_OP_WITH_INT(==, C_TYPE, _AP_WI, _AP_SI)  \
  ^
/home/MakerIris/.var/app/com.github.corna.Vivado/data/xilinx-install/2025.2/Vitis/include/etc/ap_int_ref.h:1023:29: note: expanded from macro 'REF_REL_OP_WITH_INT'
  AP_INLINE AP_NODEBUG bool operator REL_OP(                                             \
                            ^
/home/MakerIris/.var/app/com.github.corna.Vivado/data/xilinx-install/2025.2/Vitis/include/etc/ap_int_ref.h:1061:1: note: candidate template ignored: could not match 'ap_range_ref' against 'axis'
REF_REL_WITH_INT_2(unsigned int, _AP_SIZE_int, false)
^
/home/MakerIris/.var/app/com.github.corna.Vivado/data/xilinx-install/2025.2/Vitis/include/etc/ap_int_ref.h:1051:3: note: expanded from macro 'REF_REL_WITH_INT_2'
  REF_REL_OP_WITH_INT(==, C_TYPE, _AP_WI, _AP_SI)  \
  ^
/home/MakerIris/.var/app/com.github.corna.Vivado/data/xilinx-install/2025.2/Vitis/include/etc/ap_int_ref.h:1007:29: note: expanded from macro 'REF_REL_OP_WITH_INT'
  AP_INLINE AP_NODEBUG bool operator REL_OP(const ap_range_ref<_AP_W, _AP_S>& op,        \
                            ^
/home/MakerIris/.var/app/com.github.corna.Vivado/data/xilinx-install/2025.2/Vitis/include/etc/ap_int_ref.h:1061:1: note: candidate template ignored: could not match 'ap_bit_ref' against 'axis'
/home/MakerIris/.var/app/com.github.corna.Vivado/data/xilinx-install/2025.2/Vitis/include/etc/ap_int_ref.h:1051:3: note: expanded from macro 'REF_REL_WITH_INT_2'
  REF_REL_OP_WITH_INT(==, C_TYPE, _AP_WI, _AP_SI)  \
  ^
/home/MakerIris/.var/app/com.github.corna.Vivado/data/xilinx-install/2025.2/Vitis/include/etc/ap_int_ref.h:1013:29: note: expanded from macro 'REF_REL_OP_WITH_INT'
  AP_INLINE AP_NODEBUG bool operator REL_OP(const ap_bit_ref<_AP_W, _AP_S>& op,          \
                            ^
/home/MakerIris/.var/app/com.github.corna.Vivado/data/xilinx-install/2025.2/Vitis/include/etc/ap_int_ref.h:1061:1: note: candidate template ignored: could not match 'ap_bit_ref<_AP_W, _AP_S>' against 'long'
/home/MakerIris/.var/app/com.github.corna.Vivado/data/xilinx-install/2025.2/Vitis/include/etc/ap_int_ref.h:1051:3: note: expanded from macro 'REF_REL_WITH_INT_2'
  REF_REL_OP_WITH_INT(==, C_TYPE, _AP_WI, _AP_SI)  \
  ^
/home/MakerIris/.var/app/com.github.corna.Vivado/data/xilinx-install/2025.2/Vitis/include/etc/ap_int_ref.h:1018:29: note: expanded from macro 'REF_REL_OP_WITH_INT'
  AP_INLINE AP_NODEBUG bool operator REL_OP(C_TYPE op2,                                  \
                            ^
/home/MakerIris/.var/app/com.github.corna.Vivado/data/xilinx-install/2025.2/Vitis/include/etc/ap_int_ref.h:1061:1: note: candidate template ignored: could not match 'ap_concat_ref' against 'axis'
/home/MakerIris/.var/app/com.github.corna.Vivado/data/xilinx-install/2025.2/Vitis/include/etc/ap_int_ref.h:1051:3: note: expanded from macro 'REF_REL_WITH_INT_2'
  REF_REL_OP_WITH_INT(==, C_TYPE, _AP_WI, _AP_SI)  \
  ^
/home/MakerIris/.var/app/com.github.corna.Vivado/data/xilinx-install/2025.2/Vitis/include/etc/ap_int_ref.h:1023:29: note: expanded from macro 'REF_REL_OP_WITH_INT'
  AP_INLINE AP_NODEBUG bool operator REL_OP(                                             \
                            ^
/home/MakerIris/.var/app/com.github.corna.Vivado/data/xilinx-install/2025.2/Vitis/include/etc/ap_int_ref.h:1062:1: note: candidate template ignored: could not match 'ap_range_ref' against 'axis'
REF_REL_WITH_INT_2(long, _AP_SIZE_long, true)
^
/home/MakerIris/.var/app/com.github.corna.Vivado/data/xilinx-install/2025.2/Vitis/include/etc/ap_int_ref.h:1051:3: note: expanded from macro 'REF_REL_WITH_INT_2'
  REF_REL_OP_WITH_INT(==, C_TYPE, _AP_WI, _AP_SI)  \
  ^
/home/MakerIris/.var/app/com.github.corna.Vivado/data/xilinx-install/2025.2/Vitis/include/etc/ap_int_ref.h:1007:29: note: expanded from macro 'REF_REL_OP_WITH_INT'
  AP_INLINE AP_NODEBUG bool operator REL_OP(const ap_range_ref<_AP_W, _AP_S>& op,        \
                            ^
/home/MakerIris/.var/app/com.github.corna.Vivado/data/xilinx-install/2025.2/Vitis/include/etc/ap_int_ref.h:1062:1: note: candidate template ignored: could not match 'ap_bit_ref' against 'axis'
/home/MakerIris/.var/app/com.github.corna.Vivado/data/xilinx-install/2025.2/Vitis/include/etc/ap_int_ref.h:1051:3: note: expanded from macro 'REF_REL_WITH_INT_2'
  REF_REL_OP_WITH_INT(==, C_TYPE, _AP_WI, _AP_SI)  \
  ^
/home/MakerIris/.var/app/com.github.corna.Vivado/data/xilinx-install/2025.2/Vitis/include/etc/ap_int_ref.h:1013:29: note: expanded from macro 'REF_REL_OP_WITH_INT'
  AP_INLINE AP_NODEBUG bool operator REL_OP(const ap_bit_ref<_AP_W, _AP_S>& op,          \
                            ^
/home/MakerIris/.var/app/com.github.corna.Vivado/data/xilinx-install/2025.2/Vitis/include/etc/ap_int_ref.h:1062:1: note: candidate template ignored: could not match 'ap_bit_ref<_AP_W, _AP_S>' against 'long'
/home/MakerIris/.var/app/com.github.corna.Vivado/data/xilinx-install/2025.2/Vitis/include/etc/ap_int_ref.h:1051:3: note: expanded from macro 'REF_REL_WITH_INT_2'
  REF_REL_OP_WITH_INT(==, C_TYPE, _AP_WI, _AP_SI)  \
  ^
/home/MakerIris/.var/app/com.github.corna.Vivado/data/xilinx-install/2025.2/Vitis/include/etc/ap_int_ref.h:1018:29: note: expanded from macro 'REF_REL_OP_WITH_INT'
  AP_INLINE AP_NODEBUG bool operator REL_OP(C_TYPE op2,                                  \
                            ^
/home/MakerIris/.var/app/com.github.corna.Vivado/data/xilinx-install/2025.2/Vitis/include/etc/ap_int_ref.h:1062:1: note: candidate template ignored: could not match 'ap_concat_ref' against 'axis'
/home/MakerIris/.var/app/com.github.corna.Vivado/data/xilinx-install/2025.2/Vitis/include/etc/ap_int_ref.h:1051:3: note: expanded from macro 'REF_REL_WITH_INT_2'
  REF_REL_OP_WITH_INT(==, C_TYPE, _AP_WI, _AP_SI)  \
  ^
/home/MakerIris/.var/app/com.github.corna.Vivado/data/xilinx-install/2025.2/Vitis/include/etc/ap_int_ref.h:1023:29: note: expanded from macro 'REF_REL_OP_WITH_INT'
  AP_INLINE AP_NODEBUG bool operator REL_OP(                                             \
                            ^
/home/MakerIris/.var/app/com.github.corna.Vivado/data/xilinx-install/2025.2/Vitis/include/etc/ap_int_ref.h:1063:1: note: candidate template ignored: could not match 'ap_range_ref' against 'axis'
REF_REL_WITH_INT_2(unsigned long, _AP_SIZE_long, false)
^
/home/MakerIris/.var/app/com.github.corna.Vivado/data/xilinx-install/2025.2/Vitis/include/etc/ap_int_ref.h:1051:3: note: expanded from macro 'REF_REL_WITH_INT_2'
  REF_REL_OP_WITH_INT(==, C_TYPE, _AP_WI, _AP_SI)  \
  ^
/home/MakerIris/.var/app/com.github.corna.Vivado/data/xilinx-install/2025.2/Vitis/include/etc/ap_int_ref.h:1007:29: note: expanded from macro 'REF_REL_OP_WITH_INT'
  AP_INLINE AP_NODEBUG bool operator REL_OP(const ap_range_ref<_AP_W, _AP_S>& op,        \
                            ^
/home/MakerIris/.var/app/com.github.corna.Vivado/data/xilinx-install/2025.2/Vitis/include/etc/ap_int_ref.h:1063:1: note: candidate template ignored: could not match 'ap_bit_ref' against 'axis'
/home/MakerIris/.var/app/com.github.corna.Vivado/data/xilinx-install/2025.2/Vitis/include/etc/ap_int_ref.h:1051:3: note: expanded from macro 'REF_REL_WITH_INT_2'
  REF_REL_OP_WITH_INT(==, C_TYPE, _AP_WI, _AP_SI)  \
  ^
/home/MakerIris/.var/app/com.github.corna.Vivado/data/xilinx-install/2025.2/Vitis/include/etc/ap_int_ref.h:1013:29: note: expanded from macro 'REF_REL_OP_WITH_INT'
  AP_INLINE AP_NODEBUG bool operator REL_OP(const ap_bit_ref<_AP_W, _AP_S>& op,          \
                            ^
/home/MakerIris/.var/app/com.github.corna.Vivado/data/xilinx-install/2025.2/Vitis/include/etc/ap_int_ref.h:1063:1: note: candidate template ignored: could not match 'ap_bit_ref<_AP_W, _AP_S>' against 'long'
/home/MakerIris/.var/app/com.github.corna.Vivado/data/xilinx-install/2025.2/Vitis/include/etc/ap_int_ref.h:1051:3: note: expanded from macro 'REF_REL_WITH_INT_2'
  REF_REL_OP_WITH_INT(==, C_TYPE, _AP_WI, _AP_SI)  \
  ^
/home/MakerIris/.var/app/com.github.corna.Vivado/data/xilinx-install/2025.2/Vitis/include/etc/ap_int_ref.h:1018:29: note: expanded from macro 'REF_REL_OP_WITH_INT'
  AP_INLINE AP_NODEBUG bool operator REL_OP(C_TYPE op2,                                  \
                            ^
/home/MakerIris/.var/app/com.github.corna.Vivado/data/xilinx-install/2025.2/Vitis/include/etc/ap_int_ref.h:1063:1: note: candidate template ignored: could not match 'ap_concat_ref' against 'axis'
/home/MakerIris/.var/app/com.github.corna.Vivado/data/xilinx-install/2025.2/Vitis/include/etc/ap_int_ref.h:1051:3: note: expanded from macro 'REF_REL_WITH_INT_2'
  REF_REL_OP_WITH_INT(==, C_TYPE, _AP_WI, _AP_SI)  \
  ^
/home/MakerIris/.var/app/com.github.corna.Vivado/data/xilinx-install/2025.2/Vitis/include/etc/ap_int_ref.h:1023:29: note: expanded from macro 'REF_REL_OP_WITH_INT'
  AP_INLINE AP_NODEBUG bool operator REL_OP(                                             \
                            ^
/home/MakerIris/.var/app/com.github.corna.Vivado/data/xilinx-install/2025.2/Vitis/include/etc/ap_int_ref.h:1064:1: note: candidate template ignored: could not match 'ap_range_ref' against 'axis'
REF_REL_WITH_INT_2(ap_slong, _AP_SIZE_ap_slong, true)
^
/home/MakerIris/.var/app/com.github.corna.Vivado/data/xilinx-install/2025.2/Vitis/include/etc/ap_int_ref.h:1051:3: note: expanded from macro 'REF_REL_WITH_INT_2'
  REF_REL_OP_WITH_INT(==, C_TYPE, _AP_WI, _AP_SI)  \
  ^
/home/MakerIris/.var/app/com.github.corna.Vivado/data/xilinx-install/2025.2/Vitis/include/etc/ap_int_ref.h:1007:29: note: expanded from macro 'REF_REL_OP_WITH_INT'
  AP_INLINE AP_NODEBUG bool operator REL_OP(const ap_range_ref<_AP_W, _AP_S>& op,        \
                            ^
/home/MakerIris/.var/app/com.github.corna.Vivado/data/xilinx-install/2025.2/Vitis/include/etc/ap_int_ref.h:1064:1: note: candidate template ignored: could not match 'ap_bit_ref' against 'axis'
/home/MakerIris/.var/app/com.github.corna.Vivado/data/xilinx-install/2025.2/Vitis/include/etc/ap_int_ref.h:1051:3: note: expanded from macro 'REF_REL_WITH_INT_2'
  REF_REL_OP_WITH_INT(==, C_TYPE, _AP_WI, _AP_SI)  \
  ^
/home/MakerIris/.var/app/com.github.corna.Vivado/data/xilinx-install/2025.2/Vitis/include/etc/ap_int_ref.h:1013:29: note: expanded from macro 'REF_REL_OP_WITH_INT'
  AP_INLINE AP_NODEBUG bool operator REL_OP(const ap_bit_ref<_AP_W, _AP_S>& op,          \
                            ^
/home/MakerIris/.var/app/com.github.corna.Vivado/data/xilinx-install/2025.2/Vitis/include/etc/ap_int_ref.h:1064:1: note: candidate template ignored: could not match 'ap_bit_ref<_AP_W, _AP_S>' against 'long'
/home/MakerIris/.var/app/com.github.corna.Vivado/data/xilinx-install/2025.2/Vitis/include/etc/ap_int_ref.h:1051:3: note: expanded from macro 'REF_REL_WITH_INT_2'
  REF_REL_OP_WITH_INT(==, C_TYPE, _AP_WI, _AP_SI)  \
  ^
/home/MakerIris/.var/app/com.github.corna.Vivado/data/xilinx-install/2025.2/Vitis/include/etc/ap_int_ref.h:1018:29: note: expanded from macro 'REF_REL_OP_WITH_INT'
  AP_INLINE AP_NODEBUG bool operator REL_OP(C_TYPE op2,                                  \
                            ^
/home/MakerIris/.var/app/com.github.corna.Vivado/data/xilinx-install/2025.2/Vitis/include/etc/ap_int_ref.h:1064:1: note: candidate template ignored: could not match 'ap_concat_ref' against 'axis'
/home/MakerIris/.var/app/com.github.corna.Vivado/data/xilinx-install/2025.2/Vitis/include/etc/ap_int_ref.h:1051:3: note: expanded from macro 'REF_REL_WITH_INT_2'
  REF_REL_OP_WITH_INT(==, C_TYPE, _AP_WI, _AP_SI)  \
  ^
/home/MakerIris/.var/app/com.github.corna.Vivado/data/xilinx-install/2025.2/Vitis/include/etc/ap_int_ref.h:1023:29: note: expanded from macro 'REF_REL_OP_WITH_INT'
  AP_INLINE AP_NODEBUG bool operator REL_OP(                                             \
                            ^
/home/MakerIris/.var/app/com.github.corna.Vivado/data/xilinx-install/2025.2/Vitis/include/etc/ap_int_ref.h:1065:1: note: candidate template ignored: could not match 'ap_range_ref' against 'axis'
REF_REL_WITH_INT_2(ap_ulong, _AP_SIZE_ap_slong, false)
^
/home/MakerIris/.var/app/com.github.corna.Vivado/data/xilinx-install/2025.2/Vitis/include/etc/ap_int_ref.h:1051:3: note: expanded from macro 'REF_REL_WITH_INT_2'
  REF_REL_OP_WITH_INT(==, C_TYPE, _AP_WI, _AP_SI)  \
  ^
/home/MakerIris/.var/app/com.github.corna.Vivado/data/xilinx-install/2025.2/Vitis/include/etc/ap_int_ref.h:1007:29: note: expanded from macro 'REF_REL_OP_WITH_INT'
  AP_INLINE AP_NODEBUG bool operator REL_OP(const ap_range_ref<_AP_W, _AP_S>& op,        \
                            ^
/home/MakerIris/.var/app/com.github.corna.Vivado/data/xilinx-install/2025.2/Vitis/include/etc/ap_int_ref.h:1065:1: note: candidate template ignored: could not match 'ap_bit_ref' against 'axis'
/home/MakerIris/.var/app/com.github.corna.Vivado/data/xilinx-install/2025.2/Vitis/include/etc/ap_int_ref.h:1051:3: note: expanded from macro 'REF_REL_WITH_INT_2'
  REF_REL_OP_WITH_INT(==, C_TYPE, _AP_WI, _AP_SI)  \
  ^
/home/MakerIris/.var/app/com.github.corna.Vivado/data/xilinx-install/2025.2/Vitis/include/etc/ap_int_ref.h:1013:29: note: expanded from macro 'REF_REL_OP_WITH_INT'
  AP_INLINE AP_NODEBUG bool operator REL_OP(const ap_bit_ref<_AP_W, _AP_S>& op,          \
                            ^
/home/MakerIris/.var/app/com.github.corna.Vivado/data/xilinx-install/2025.2/Vitis/include/etc/ap_int_ref.h:1065:1: note: candidate template ignored: could not match 'ap_bit_ref<_AP_W, _AP_S>' against 'long'
/home/MakerIris/.var/app/com.github.corna.Vivado/data/xilinx-install/2025.2/Vitis/include/etc/ap_int_ref.h:1051:3: note: expanded from macro 'REF_REL_WITH_INT_2'
  REF_REL_OP_WITH_INT(==, C_TYPE, _AP_WI, _AP_SI)  \
  ^
/home/MakerIris/.var/app/com.github.corna.Vivado/data/xilinx-install/2025.2/Vitis/include/etc/ap_int_ref.h:1018:29: note: expanded from macro 'REF_REL_OP_WITH_INT'
  AP_INLINE AP_NODEBUG bool operator REL_OP(C_TYPE op2,                                  \
                            ^
/home/MakerIris/.var/app/com.github.corna.Vivado/data/xilinx-install/2025.2/Vitis/include/etc/ap_int_ref.h:1065:1: note: candidate template ignored: could not match 'ap_concat_ref' against 'axis'
/home/MakerIris/.var/app/com.github.corna.Vivado/data/xilinx-install/2025.2/Vitis/include/etc/ap_int_ref.h:1051:3: note: expanded from macro 'REF_REL_WITH_INT_2'
  REF_REL_OP_WITH_INT(==, C_TYPE, _AP_WI, _AP_SI)  \
  ^
/home/MakerIris/.var/app/com.github.corna.Vivado/data/xilinx-install/2025.2/Vitis/include/etc/ap_int_ref.h:1023:29: note: expanded from macro 'REF_REL_OP_WITH_INT'
  AP_INLINE AP_NODEBUG bool operator REL_OP(                                             \
                            ^
/home/MakerIris/.var/app/com.github.corna.Vivado/data/xilinx-install/2025.2/Vitis/include/etc/ap_fixed_base.h:2376:1: note: candidate template ignored: could not match 'ap_fixed_base' against 'axis'
ALL_AF_OP_WITH_INT(bool, 1, false)
^
/home/MakerIris/.var/app/com.github.corna.Vivado/data/xilinx-install/2025.2/Vitis/include/etc/ap_fixed_base.h:2373:3: note: expanded from macro 'ALL_AF_OP_WITH_INT'
  AF_REL_OP_WITH_INT(==, C_TYPE, (BITS), (SIGN))          \
  ^
/home/MakerIris/.var/app/com.github.corna.Vivado/data/xilinx-install/2025.2/Vitis/include/etc/ap_fixed_base.h:2315:49: note: expanded from macro 'AF_REL_OP_WITH_INT'
  HLS_CONSTEXPR_EXTRA AP_INLINE AP_NODEBUG bool operator REL_OP(                                              \
                                                ^
/home/MakerIris/.var/app/com.github.corna.Vivado/data/xilinx-install/2025.2/Vitis/include/etc/ap_fixed_base.h:2376:1: note: candidate template ignored: could not match 'ap_fixed_base<_AP_W, _AP_I, _AP_S, _AP_Q, _AP_O, _AP_N>' against 'long'
/home/MakerIris/.var/app/com.github.corna.Vivado/data/xilinx-install/2025.2/Vitis/include/etc/ap_fixed_base.h:2373:3: note: expanded from macro 'ALL_AF_OP_WITH_INT'
  AF_REL_OP_WITH_INT(==, C_TYPE, (BITS), (SIGN))          \
  ^
/home/MakerIris/.var/app/com.github.corna.Vivado/data/xilinx-install/2025.2/Vitis/include/etc/ap_fixed_base.h:2322:49: note: expanded from macro 'AF_REL_OP_WITH_INT'
  HLS_CONSTEXPR_EXTRA AP_INLINE AP_NODEBUG bool operator REL_OP(                                              \
                                                ^
/home/MakerIris/.var/app/com.github.corna.Vivado/data/xilinx-install/2025.2/Vitis/include/etc/ap_fixed_base.h:2377:1: note: candidate template ignored: could not match 'ap_fixed_base' against 'axis'
ALL_AF_OP_WITH_INT(char, 8, CHAR_IS_SIGNED)
^
/home/MakerIris/.var/app/com.github.corna.Vivado/data/xilinx-install/2025.2/Vitis/include/etc/ap_fixed_base.h:2373:3: note: expanded from macro 'ALL_AF_OP_WITH_INT'
  AF_REL_OP_WITH_INT(==, C_TYPE, (BITS), (SIGN))          \
  ^
/home/MakerIris/.var/app/com.github.corna.Vivado/data/xilinx-install/2025.2/Vitis/include/etc/ap_fixed_base.h:2315:49: note: expanded from macro 'AF_REL_OP_WITH_INT'
  HLS_CONSTEXPR_EXTRA AP_INLINE AP_NODEBUG bool operator REL_OP(                                              \
                                                ^
/home/MakerIris/.var/app/com.github.corna.Vivado/data/xilinx-install/2025.2/Vitis/include/etc/ap_fixed_base.h:2377:1: note: candidate template ignored: could not match 'ap_fixed_base<_AP_W, _AP_I, _AP_S, _AP_Q, _AP_O, _AP_N>' against 'long'
/home/MakerIris/.var/app/com.github.corna.Vivado/data/xilinx-install/2025.2/Vitis/include/etc/ap_fixed_base.h:2373:3: note: expanded from macro 'ALL_AF_OP_WITH_INT'
  AF_REL_OP_WITH_INT(==, C_TYPE, (BITS), (SIGN))          \
  ^
/home/MakerIris/.var/app/com.github.corna.Vivado/data/xilinx-install/2025.2/Vitis/include/etc/ap_fixed_base.h:2322:49: note: expanded from macro 'AF_REL_OP_WITH_INT'
  HLS_CONSTEXPR_EXTRA AP_INLINE AP_NODEBUG bool operator REL_OP(                                              \
                                                ^
/home/MakerIris/.var/app/com.github.corna.Vivado/data/xilinx-install/2025.2/Vitis/include/etc/ap_fixed_base.h:2378:1: note: candidate template ignored: could not match 'ap_fixed_base' against 'axis'
ALL_AF_OP_WITH_INT(signed char, 8, true)
^
/home/MakerIris/.var/app/com.github.corna.Vivado/data/xilinx-install/2025.2/Vitis/include/etc/ap_fixed_base.h:2373:3: note: expanded from macro 'ALL_AF_OP_WITH_INT'
  AF_REL_OP_WITH_INT(==, C_TYPE, (BITS), (SIGN))          \
  ^
/home/MakerIris/.var/app/com.github.corna.Vivado/data/xilinx-install/2025.2/Vitis/include/etc/ap_fixed_base.h:2315:49: note: expanded from macro 'AF_REL_OP_WITH_INT'
  HLS_CONSTEXPR_EXTRA AP_INLINE AP_NODEBUG bool operator REL_OP(                                              \
                                                ^
/home/MakerIris/.var/app/com.github.corna.Vivado/data/xilinx-install/2025.2/Vitis/include/etc/ap_fixed_base.h:2378:1: note: candidate template ignored: could not match 'ap_fixed_base<_AP_W, _AP_I, _AP_S, _AP_Q, _AP_O, _AP_N>' against 'long'
/home/MakerIris/.var/app/com.github.corna.Vivado/data/xilinx-install/2025.2/Vitis/include/etc/ap_fixed_base.h:2373:3: note: expanded from macro 'ALL_AF_OP_WITH_INT'
  AF_REL_OP_WITH_INT(==, C_TYPE, (BITS), (SIGN))          \
  ^
/home/MakerIris/.var/app/com.github.corna.Vivado/data/xilinx-install/2025.2/Vitis/include/etc/ap_fixed_base.h:2322:49: note: expanded from macro 'AF_REL_OP_WITH_INT'
  HLS_CONSTEXPR_EXTRA AP_INLINE AP_NODEBUG bool operator REL_OP(                                              \
                                                ^
/home/MakerIris/.var/app/com.github.corna.Vivado/data/xilinx-install/2025.2/Vitis/include/etc/ap_fixed_base.h:2379:1: note: candidate template ignored: could not match 'ap_fixed_base' against 'axis'
ALL_AF_OP_WITH_INT(unsigned char, 8, false)
^
/home/MakerIris/.var/app/com.github.corna.Vivado/data/xilinx-install/2025.2/Vitis/include/etc/ap_fixed_base.h:2373:3: note: expanded from macro 'ALL_AF_OP_WITH_INT'
  AF_REL_OP_WITH_INT(==, C_TYPE, (BITS), (SIGN))          \
  ^
/home/MakerIris/.var/app/com.github.corna.Vivado/data/xilinx-install/2025.2/Vitis/include/etc/ap_fixed_base.h:2315:49: note: expanded from macro 'AF_REL_OP_WITH_INT'
  HLS_CONSTEXPR_EXTRA AP_INLINE AP_NODEBUG bool operator REL_OP(                                              \
                                                ^
/home/MakerIris/.var/app/com.github.corna.Vivado/data/xilinx-install/2025.2/Vitis/include/etc/ap_fixed_base.h:2379:1: note: candidate template ignored: could not match 'ap_fixed_base<_AP_W, _AP_I, _AP_S, _AP_Q, _AP_O, _AP_N>' against 'long'
/home/MakerIris/.var/app/com.github.corna.Vivado/data/xilinx-install/2025.2/Vitis/include/etc/ap_fixed_base.h:2373:3: note: expanded from macro 'ALL_AF_OP_WITH_INT'
  AF_REL_OP_WITH_INT(==, C_TYPE, (BITS), (SIGN))          \
  ^
/home/MakerIris/.var/app/com.github.corna.Vivado/data/xilinx-install/2025.2/Vitis/include/etc/ap_fixed_base.h:2322:49: note: expanded from macro 'AF_REL_OP_WITH_INT'
  HLS_CONSTEXPR_EXTRA AP_INLINE AP_NODEBUG bool operator REL_OP(                                              \
                                                ^
/home/MakerIris/.var/app/com.github.corna.Vivado/data/xilinx-install/2025.2/Vitis/include/etc/ap_fixed_base.h:2380:1: note: candidate template ignored: could not match 'ap_fixed_base' against 'axis'
ALL_AF_OP_WITH_INT(short, _AP_SIZE_short, true)
^
/home/MakerIris/.var/app/com.github.corna.Vivado/data/xilinx-install/2025.2/Vitis/include/etc/ap_fixed_base.h:2373:3: note: expanded from macro 'ALL_AF_OP_WITH_INT'
  AF_REL_OP_WITH_INT(==, C_TYPE, (BITS), (SIGN))          \
  ^
/home/MakerIris/.var/app/com.github.corna.Vivado/data/xilinx-install/2025.2/Vitis/include/etc/ap_fixed_base.h:2315:49: note: expanded from macro 'AF_REL_OP_WITH_INT'
  HLS_CONSTEXPR_EXTRA AP_INLINE AP_NODEBUG bool operator REL_OP(                                              \
                                                ^
/home/MakerIris/.var/app/com.github.corna.Vivado/data/xilinx-install/2025.2/Vitis/include/etc/ap_fixed_base.h:2380:1: note: candidate template ignored: could not match 'ap_fixed_base<_AP_W, _AP_I, _AP_S, _AP_Q, _AP_O, _AP_N>' against 'long'
/home/MakerIris/.var/app/com.github.corna.Vivado/data/xilinx-install/2025.2/Vitis/include/etc/ap_fixed_base.h:2373:3: note: expanded from macro 'ALL_AF_OP_WITH_INT'
  AF_REL_OP_WITH_INT(==, C_TYPE, (BITS), (SIGN))          \
  ^
/home/MakerIris/.var/app/com.github.corna.Vivado/data/xilinx-install/2025.2/Vitis/include/etc/ap_fixed_base.h:2322:49: note: expanded from macro 'AF_REL_OP_WITH_INT'
  HLS_CONSTEXPR_EXTRA AP_INLINE AP_NODEBUG bool operator REL_OP(                                              \
                                                ^
/home/MakerIris/.var/app/com.github.corna.Vivado/data/xilinx-install/2025.2/Vitis/include/etc/ap_fixed_base.h:2381:1: note: candidate template ignored: could not match 'ap_fixed_base' against 'axis'
ALL_AF_OP_WITH_INT(unsigned short, _AP_SIZE_short, false)
^
/home/MakerIris/.var/app/com.github.corna.Vivado/data/xilinx-install/2025.2/Vitis/include/etc/ap_fixed_base.h:2373:3: note: expanded from macro 'ALL_AF_OP_WITH_INT'
  AF_REL_OP_WITH_INT(==, C_TYPE, (BITS), (SIGN))          \
  ^
/home/MakerIris/.var/app/com.github.corna.Vivado/data/xilinx-install/2025.2/Vitis/include/etc/ap_fixed_base.h:2315:49: note: expanded from macro 'AF_REL_OP_WITH_INT'
  HLS_CONSTEXPR_EXTRA AP_INLINE AP_NODEBUG bool operator REL_OP(                                              \
                                                ^
/home/MakerIris/.var/app/com.github.corna.Vivado/data/xilinx-install/2025.2/Vitis/include/etc/ap_fixed_base.h:2381:1: note: candidate template ignored: could not match 'ap_fixed_base<_AP_W, _AP_I, _AP_S, _AP_Q, _AP_O, _AP_N>' against 'long'
/home/MakerIris/.var/app/com.github.corna.Vivado/data/xilinx-install/2025.2/Vitis/include/etc/ap_fixed_base.h:2373:3: note: expanded from macro 'ALL_AF_OP_WITH_INT'
  AF_REL_OP_WITH_INT(==, C_TYPE, (BITS), (SIGN))          \
  ^
/home/MakerIris/.var/app/com.github.corna.Vivado/data/xilinx-install/2025.2/Vitis/include/etc/ap_fixed_base.h:2322:49: note: expanded from macro 'AF_REL_OP_WITH_INT'
  HLS_CONSTEXPR_EXTRA AP_INLINE AP_NODEBUG bool operator REL_OP(                                              \
                                                ^
/home/MakerIris/.var/app/com.github.corna.Vivado/data/xilinx-install/2025.2/Vitis/include/etc/ap_fixed_base.h:2382:1: note: candidate template ignored: could not match 'ap_fixed_base' against 'axis'
ALL_AF_OP_WITH_INT(int, _AP_SIZE_int, true)
^
/home/MakerIris/.var/app/com.github.corna.Vivado/data/xilinx-install/2025.2/Vitis/include/etc/ap_fixed_base.h:2373:3: note: expanded from macro 'ALL_AF_OP_WITH_INT'
  AF_REL_OP_WITH_INT(==, C_TYPE, (BITS), (SIGN))          \
  ^
/home/MakerIris/.var/app/com.github.corna.Vivado/data/xilinx-install/2025.2/Vitis/include/etc/ap_fixed_base.h:2315:49: note: expanded from macro 'AF_REL_OP_WITH_INT'
  HLS_CONSTEXPR_EXTRA AP_INLINE AP_NODEBUG bool operator REL_OP(                                              \
                                                ^
/home/MakerIris/.var/app/com.github.corna.Vivado/data/xilinx-install/2025.2/Vitis/include/etc/ap_fixed_base.h:2382:1: note: candidate template ignored: could not match 'ap_fixed_base<_AP_W, _AP_I, _AP_S, _AP_Q, _AP_O, _AP_N>' against 'long'
/home/MakerIris/.var/app/com.github.corna.Vivado/data/xilinx-install/2025.2/Vitis/include/etc/ap_fixed_base.h:2373:3: note: expanded from macro 'ALL_AF_OP_WITH_INT'
  AF_REL_OP_WITH_INT(==, C_TYPE, (BITS), (SIGN))          \
  ^
/home/MakerIris/.var/app/com.github.corna.Vivado/data/xilinx-install/2025.2/Vitis/include/etc/ap_fixed_base.h:2322:49: note: expanded from macro 'AF_REL_OP_WITH_INT'
  HLS_CONSTEXPR_EXTRA AP_INLINE AP_NODEBUG bool operator REL_OP(                                              \
                                                ^
/home/MakerIris/.var/app/com.github.corna.Vivado/data/xilinx-install/2025.2/Vitis/include/etc/ap_fixed_base.h:2383:1: note: candidate template ignored: could not match 'ap_fixed_base' against 'axis'
ALL_AF_OP_WITH_INT(unsigned int, _AP_SIZE_int, false)
^
/home/MakerIris/.var/app/com.github.corna.Vivado/data/xilinx-install/2025.2/Vitis/include/etc/ap_fixed_base.h:2373:3: note: expanded from macro 'ALL_AF_OP_WITH_INT'
  AF_REL_OP_WITH_INT(==, C_TYPE, (BITS), (SIGN))          \
  ^
/home/MakerIris/.var/app/com.github.corna.Vivado/data/xilinx-install/2025.2/Vitis/include/etc/ap_fixed_base.h:2315:49: note: expanded from macro 'AF_REL_OP_WITH_INT'
  HLS_CONSTEXPR_EXTRA AP_INLINE AP_NODEBUG bool operator REL_OP(                                              \
                                                ^
/home/MakerIris/.var/app/com.github.corna.Vivado/data/xilinx-install/2025.2/Vitis/include/etc/ap_fixed_base.h:2383:1: note: candidate template ignored: could not match 'ap_fixed_base<_AP_W, _AP_I, _AP_S, _AP_Q, _AP_O, _AP_N>' against 'long'
/home/MakerIris/.var/app/com.github.corna.Vivado/data/xilinx-install/2025.2/Vitis/include/etc/ap_fixed_base.h:2373:3: note: expanded from macro 'ALL_AF_OP_WITH_INT'
  AF_REL_OP_WITH_INT(==, C_TYPE, (BITS), (SIGN))          \
  ^
/home/MakerIris/.var/app/com.github.corna.Vivado/data/xilinx-install/2025.2/Vitis/include/etc/ap_fixed_base.h:2322:49: note: expanded from macro 'AF_REL_OP_WITH_INT'
  HLS_CONSTEXPR_EXTRA AP_INLINE AP_NODEBUG bool operator REL_OP(                                              \
                                                ^
/home/MakerIris/.var/app/com.github.corna.Vivado/data/xilinx-install/2025.2/Vitis/include/etc/ap_fixed_base.h:2384:1: note: candidate template ignored: could not match 'ap_fixed_base' against 'axis'
ALL_AF_OP_WITH_INT(long, _AP_SIZE_long, true)
^
/home/MakerIris/.var/app/com.github.corna.Vivado/data/xilinx-install/2025.2/Vitis/include/etc/ap_fixed_base.h:2373:3: note: expanded from macro 'ALL_AF_OP_WITH_INT'
  AF_REL_OP_WITH_INT(==, C_TYPE, (BITS), (SIGN))          \
  ^
/home/MakerIris/.var/app/com.github.corna.Vivado/data/xilinx-install/2025.2/Vitis/include/etc/ap_fixed_base.h:2315:49: note: expanded from macro 'AF_REL_OP_WITH_INT'
  HLS_CONSTEXPR_EXTRA AP_INLINE AP_NODEBUG bool operator REL_OP(                                              \
                                                ^
/home/MakerIris/.var/app/com.github.corna.Vivado/data/xilinx-install/2025.2/Vitis/include/etc/ap_fixed_base.h:2384:1: note: candidate template ignored: could not match 'ap_fixed_base<_AP_W, _AP_I, _AP_S, _AP_Q, _AP_O, _AP_N>' against 'long'
/home/MakerIris/.var/app/com.github.corna.Vivado/data/xilinx-install/2025.2/Vitis/include/etc/ap_fixed_base.h:2373:3: note: expanded from macro 'ALL_AF_OP_WITH_INT'
  AF_REL_OP_WITH_INT(==, C_TYPE, (BITS), (SIGN))          \
  ^
/home/MakerIris/.var/app/com.github.corna.Vivado/data/xilinx-install/2025.2/Vitis/include/etc/ap_fixed_base.h:2322:49: note: expanded from macro 'AF_REL_OP_WITH_INT'
  HLS_CONSTEXPR_EXTRA AP_INLINE AP_NODEBUG bool operator REL_OP(                                              \
                                                ^
/home/MakerIris/.var/app/com.github.corna.Vivado/data/xilinx-install/2025.2/Vitis/include/etc/ap_fixed_base.h:2385:1: note: candidate template ignored: could not match 'ap_fixed_base' against 'axis'
ALL_AF_OP_WITH_INT(unsigned long, _AP_SIZE_long, false)
^
/home/MakerIris/.var/app/com.github.corna.Vivado/data/xilinx-install/2025.2/Vitis/include/etc/ap_fixed_base.h:2373:3: note: expanded from macro 'ALL_AF_OP_WITH_INT'
  AF_REL_OP_WITH_INT(==, C_TYPE, (BITS), (SIGN))          \
  ^
/home/MakerIris/.var/app/com.github.corna.Vivado/data/xilinx-install/2025.2/Vitis/include/etc/ap_fixed_base.h:2315:49: note: expanded from macro 'AF_REL_OP_WITH_INT'
  HLS_CONSTEXPR_EXTRA AP_INLINE AP_NODEBUG bool operator REL_OP(                                              \
                                                ^
/home/MakerIris/.var/app/com.github.corna.Vivado/data/xilinx-install/2025.2/Vitis/include/etc/ap_fixed_base.h:2385:1: note: candidate template ignored: could not match 'ap_fixed_base<_AP_W, _AP_I, _AP_S, _AP_Q, _AP_O, _AP_N>' against 'long'
/home/MakerIris/.var/app/com.github.corna.Vivado/data/xilinx-install/2025.2/Vitis/include/etc/ap_fixed_base.h:2373:3: note: expanded from macro 'ALL_AF_OP_WITH_INT'
  AF_REL_OP_WITH_INT(==, C_TYPE, (BITS), (SIGN))          \
  ^
/home/MakerIris/.var/app/com.github.corna.Vivado/data/xilinx-install/2025.2/Vitis/include/etc/ap_fixed_base.h:2322:49: note: expanded from macro 'AF_REL_OP_WITH_INT'
  HLS_CONSTEXPR_EXTRA AP_INLINE AP_NODEBUG bool operator REL_OP(                                              \
                                                ^
/home/MakerIris/.var/app/com.github.corna.Vivado/data/xilinx-install/2025.2/Vitis/include/etc/ap_fixed_base.h:2386:1: note: candidate template ignored: could not match 'ap_fixed_base' against 'axis'
ALL_AF_OP_WITH_INT(ap_slong, _AP_SIZE_ap_slong, true)
^
/home/MakerIris/.var/app/com.github.corna.Vivado/data/xilinx-install/2025.2/Vitis/include/etc/ap_fixed_base.h:2373:3: note: expanded from macro 'ALL_AF_OP_WITH_INT'
  AF_REL_OP_WITH_INT(==, C_TYPE, (BITS), (SIGN))          \
  ^
/home/MakerIris/.var/app/com.github.corna.Vivado/data/xilinx-install/2025.2/Vitis/include/etc/ap_fixed_base.h:2315:49: note: expanded from macro 'AF_REL_OP_WITH_INT'
  HLS_CONSTEXPR_EXTRA AP_INLINE AP_NODEBUG bool operator REL_OP(                                              \
                                                ^
/home/MakerIris/.var/app/com.github.corna.Vivado/data/xilinx-install/2025.2/Vitis/include/etc/ap_fixed_base.h:2386:1: note: candidate template ignored: could not match 'ap_fixed_base<_AP_W, _AP_I, _AP_S, _AP_Q, _AP_O, _AP_N>' against 'long'
/home/MakerIris/.var/app/com.github.corna.Vivado/data/xilinx-install/2025.2/Vitis/include/etc/ap_fixed_base.h:2373:3: note: expanded from macro 'ALL_AF_OP_WITH_INT'
  AF_REL_OP_WITH_INT(==, C_TYPE, (BITS), (SIGN))          \
  ^
/home/MakerIris/.var/app/com.github.corna.Vivado/data/xilinx-install/2025.2/Vitis/include/etc/ap_fixed_base.h:2322:49: note: expanded from macro 'AF_REL_OP_WITH_INT'
  HLS_CONSTEXPR_EXTRA AP_INLINE AP_NODEBUG bool operator REL_OP(                                              \
                                                ^
/home/MakerIris/.var/app/com.github.corna.Vivado/data/xilinx-install/2025.2/Vitis/include/etc/ap_fixed_base.h:2387:1: note: candidate template ignored: could not match 'ap_fixed_base' against 'axis'
ALL_AF_OP_WITH_INT(ap_ulong, _AP_SIZE_ap_slong, false)
^
/home/MakerIris/.var/app/com.github.corna.Vivado/data/xilinx-install/2025.2/Vitis/include/etc/ap_fixed_base.h:2373:3: note: expanded from macro 'ALL_AF_OP_WITH_INT'
  AF_REL_OP_WITH_INT(==, C_TYPE, (BITS), (SIGN))          \
  ^
/home/MakerIris/.var/app/com.github.corna.Vivado/data/xilinx-install/2025.2/Vitis/include/etc/ap_fixed_base.h:2315:49: note: expanded from macro 'AF_REL_OP_WITH_INT'
  HLS_CONSTEXPR_EXTRA AP_INLINE AP_NODEBUG bool operator REL_OP(                                              \
                                                ^
/home/MakerIris/.var/app/com.github.corna.Vivado/data/xilinx-install/2025.2/Vitis/include/etc/ap_fixed_base.h:2387:1: note: candidate template ignored: could not match 'ap_fixed_base<_AP_W, _AP_I, _AP_S, _AP_Q, _AP_O, _AP_N>' against 'long'
/home/MakerIris/.var/app/com.github.corna.Vivado/data/xilinx-install/2025.2/Vitis/include/etc/ap_fixed_base.h:2373:3: note: expanded from macro 'ALL_AF_OP_WITH_INT'
  AF_REL_OP_WITH_INT(==, C_TYPE, (BITS), (SIGN))          \
  ^
/home/MakerIris/.var/app/com.github.corna.Vivado/data/xilinx-install/2025.2/Vitis/include/etc/ap_fixed_base.h:2322:49: note: expanded from macro 'AF_REL_OP_WITH_INT'
  HLS_CONSTEXPR_EXTRA AP_INLINE AP_NODEBUG bool operator REL_OP(                                              \
                                                ^
/home/MakerIris/.var/app/com.github.corna.Vivado/data/xilinx-install/2025.2/Vitis/include/etc/ap_fixed_base.h:2484:1: note: candidate template ignored: could not match 'ap_fixed_base' against 'axis'
AF_REL_OP_WITH_AP_INT(==)
^
/home/MakerIris/.var/app/com.github.corna.Vivado/data/xilinx-install/2025.2/Vitis/include/etc/ap_fixed_base.h:2432:49: note: expanded from macro 'AF_REL_OP_WITH_AP_INT'
  HLS_CONSTEXPR_EXTRA AP_INLINE AP_NODEBUG bool operator REL_OP(                                              \
                                                ^
/home/MakerIris/.var/app/com.github.corna.Vivado/data/xilinx-install/2025.2/Vitis/include/etc/ap_fixed_base.h:2484:1: note: candidate template ignored: could not match 'ap_int_base' against 'axis'
/home/MakerIris/.var/app/com.github.corna.Vivado/data/xilinx-install/2025.2/Vitis/include/etc/ap_fixed_base.h:2440:49: note: expanded from macro 'AF_REL_OP_WITH_AP_INT'
  HLS_CONSTEXPR_EXTRA AP_INLINE AP_NODEBUG bool operator REL_OP(                                              \
                                                ^
/home/MakerIris/.var/app/com.github.corna.Vivado/data/xilinx-install/2025.2/Vitis/include/etc/ap_fixed_base.h:2496:47: note: candidate template ignored: could not match 'ap_fixed_base<_AP_W, _AP_I, _AP_S, _AP_Q, _AP_O, _AP_N>' against 'long'
HLS_CONSTEXPR_EXTRA AP_INLINE AP_NODEBUG bool operator==(
                                              ^
/home/MakerIris/.var/app/com.github.corna.Vivado/data/xilinx-install/2025.2/Vitis/include/etc/ap_fixed_ref.h:679:1: note: candidate template ignored: could not match 'af_range_ref' against 'axis'
AF_REF_REL_OPS_WITH_INT(bool, 1, false)
^
/home/MakerIris/.var/app/com.github.corna.Vivado/data/xilinx-install/2025.2/Vitis/include/etc/ap_fixed_ref.h:676:3: note: expanded from macro 'AF_REF_REL_OPS_WITH_INT'
  AF_REF_REL_OP_WITH_INT(==, C_TYPE, (_AP_W2), (_AP_S2)) \
  ^
/home/MakerIris/.var/app/com.github.corna.Vivado/data/xilinx-install/2025.2/Vitis/include/etc/ap_fixed_ref.h:639:29: note: expanded from macro 'AF_REF_REL_OP_WITH_INT'
  AP_INLINE AP_NODEBUG bool operator REL_OP(                                            \
                            ^
/home/MakerIris/.var/app/com.github.corna.Vivado/data/xilinx-install/2025.2/Vitis/include/etc/ap_fixed_ref.h:679:1: note: candidate template ignored: could not match 'af_range_ref<_AP_W, _AP_I, _AP_S, _AP_Q, _AP_O, _AP_N>' against 'long'
/home/MakerIris/.var/app/com.github.corna.Vivado/data/xilinx-install/2025.2/Vitis/include/etc/ap_fixed_ref.h:676:3: note: expanded from macro 'AF_REF_REL_OPS_WITH_INT'
  AF_REF_REL_OP_WITH_INT(==, C_TYPE, (_AP_W2), (_AP_S2)) \
  ^
/home/MakerIris/.var/app/com.github.corna.Vivado/data/xilinx-install/2025.2/Vitis/include/etc/ap_fixed_ref.h:648:29: note: expanded from macro 'AF_REF_REL_OP_WITH_INT'
  AP_INLINE AP_NODEBUG bool operator REL_OP(                                            \
                            ^
/home/MakerIris/.var/app/com.github.corna.Vivado/data/xilinx-install/2025.2/Vitis/include/etc/ap_fixed_ref.h:679:1: note: candidate template ignored: could not match 'af_bit_ref' against 'axis'
/home/MakerIris/.var/app/com.github.corna.Vivado/data/xilinx-install/2025.2/Vitis/include/etc/ap_fixed_ref.h:676:3: note: expanded from macro 'AF_REF_REL_OPS_WITH_INT'
  AF_REF_REL_OP_WITH_INT(==, C_TYPE, (_AP_W2), (_AP_S2)) \
  ^
/home/MakerIris/.var/app/com.github.corna.Vivado/data/xilinx-install/2025.2/Vitis/include/etc/ap_fixed_ref.h:657:29: note: expanded from macro 'AF_REF_REL_OP_WITH_INT'
  AP_INLINE AP_NODEBUG bool operator REL_OP(                                            \
                            ^
/home/MakerIris/.var/app/com.github.corna.Vivado/data/xilinx-install/2025.2/Vitis/include/etc/ap_fixed_ref.h:679:1: note: candidate template ignored: could not match 'af_bit_ref<_AP_W, _AP_I, _AP_S, _AP_Q, _AP_O, _AP_N>' against 'long'
/home/MakerIris/.var/app/com.github.corna.Vivado/data/xilinx-install/2025.2/Vitis/include/etc/ap_fixed_ref.h:676:3: note: expanded from macro 'AF_REF_REL_OPS_WITH_INT'
  AF_REF_REL_OP_WITH_INT(==, C_TYPE, (_AP_W2), (_AP_S2)) \
  ^
/home/MakerIris/.var/app/com.github.corna.Vivado/data/xilinx-install/2025.2/Vitis/include/etc/ap_fixed_ref.h:665:29: note: expanded from macro 'AF_REF_REL_OP_WITH_INT'
  AP_INLINE AP_NODEBUG bool operator REL_OP(                                            \
                            ^
/home/MakerIris/.var/app/com.github.corna.Vivado/data/xilinx-install/2025.2/Vitis/include/etc/ap_fixed_ref.h:680:1: note: candidate template ignored: could not match 'af_range_ref' against 'axis'
AF_REF_REL_OPS_WITH_INT(char, 8, CHAR_IS_SIGNED)
^
/home/MakerIris/.var/app/com.github.corna.Vivado/data/xilinx-install/2025.2/Vitis/include/etc/ap_fixed_ref.h:676:3: note: expanded from macro 'AF_REF_REL_OPS_WITH_INT'
  AF_REF_REL_OP_WITH_INT(==, C_TYPE, (_AP_W2), (_AP_S2)) \
  ^
/home/MakerIris/.var/app/com.github.corna.Vivado/data/xilinx-install/2025.2/Vitis/include/etc/ap_fixed_ref.h:639:29: note: expanded from macro 'AF_REF_REL_OP_WITH_INT'
  AP_INLINE AP_NODEBUG bool operator REL_OP(                                            \
                            ^
/home/MakerIris/.var/app/com.github.corna.Vivado/data/xilinx-install/2025.2/Vitis/include/etc/ap_fixed_ref.h:680:1: note: candidate template ignored: could not match 'af_range_ref<_AP_W, _AP_I, _AP_S, _AP_Q, _AP_O, _AP_N>' against 'long'
/home/MakerIris/.var/app/com.github.corna.Vivado/data/xilinx-install/2025.2/Vitis/include/etc/ap_fixed_ref.h:676:3: note: expanded from macro 'AF_REF_REL_OPS_WITH_INT'
  AF_REF_REL_OP_WITH_INT(==, C_TYPE, (_AP_W2), (_AP_S2)) \
  ^
/home/MakerIris/.var/app/com.github.corna.Vivado/data/xilinx-install/2025.2/Vitis/include/etc/ap_fixed_ref.h:648:29: note: expanded from macro 'AF_REF_REL_OP_WITH_INT'
  AP_INLINE AP_NODEBUG bool operator REL_OP(                                            \
                            ^
/home/MakerIris/.var/app/com.github.corna.Vivado/data/xilinx-install/2025.2/Vitis/include/etc/ap_fixed_ref.h:680:1: note: candidate template ignored: could not match 'af_bit_ref' against 'axis'
/home/MakerIris/.var/app/com.github.corna.Vivado/data/xilinx-install/2025.2/Vitis/include/etc/ap_fixed_ref.h:676:3: note: expanded from macro 'AF_REF_REL_OPS_WITH_INT'
  AF_REF_REL_OP_WITH_INT(==, C_TYPE, (_AP_W2), (_AP_S2)) \
  ^
/home/MakerIris/.var/app/com.github.corna.Vivado/data/xilinx-install/2025.2/Vitis/include/etc/ap_fixed_ref.h:657:29: note: expanded from macro 'AF_REF_REL_OP_WITH_INT'
  AP_INLINE AP_NODEBUG bool operator REL_OP(                                            \
                            ^
/home/MakerIris/.var/app/com.github.corna.Vivado/data/xilinx-install/2025.2/Vitis/include/etc/ap_fixed_ref.h:680:1: note: candidate template ignored: could not match 'af_bit_ref<_AP_W, _AP_I, _AP_S, _AP_Q, _AP_O, _AP_N>' against 'long'
/home/MakerIris/.var/app/com.github.corna.Vivado/data/xilinx-install/2025.2/Vitis/include/etc/ap_fixed_ref.h:676:3: note: expanded from macro 'AF_REF_REL_OPS_WITH_INT'
  AF_REF_REL_OP_WITH_INT(==, C_TYPE, (_AP_W2), (_AP_S2)) \
  ^
/home/MakerIris/.var/app/com.github.corna.Vivado/data/xilinx-install/2025.2/Vitis/include/etc/ap_fixed_ref.h:665:29: note: expanded from macro 'AF_REF_REL_OP_WITH_INT'
  AP_INLINE AP_NODEBUG bool operator REL_OP(                                            \
                            ^
/home/MakerIris/.var/app/com.github.corna.Vivado/data/xilinx-install/2025.2/Vitis/include/etc/ap_fixed_ref.h:681:1: note: candidate template ignored: could not match 'af_range_ref' against 'axis'
AF_REF_REL_OPS_WITH_INT(signed char, 8, true)
^
/home/MakerIris/.var/app/com.github.corna.Vivado/data/xilinx-install/2025.2/Vitis/include/etc/ap_fixed_ref.h:676:3: note: expanded from macro 'AF_REF_REL_OPS_WITH_INT'
  AF_REF_REL_OP_WITH_INT(==, C_TYPE, (_AP_W2), (_AP_S2)) \
  ^
/home/MakerIris/.var/app/com.github.corna.Vivado/data/xilinx-install/2025.2/Vitis/include/etc/ap_fixed_ref.h:639:29: note: expanded from macro 'AF_REF_REL_OP_WITH_INT'
  AP_INLINE AP_NODEBUG bool operator REL_OP(                                            \
                            ^
/home/MakerIris/.var/app/com.github.corna.Vivado/data/xilinx-install/2025.2/Vitis/include/etc/ap_fixed_ref.h:681:1: note: candidate template ignored: could not match 'af_range_ref<_AP_W, _AP_I, _AP_S, _AP_Q, _AP_O, _AP_N>' against 'long'
/home/MakerIris/.var/app/com.github.corna.Vivado/data/xilinx-install/2025.2/Vitis/include/etc/ap_fixed_ref.h:676:3: note: expanded from macro 'AF_REF_REL_OPS_WITH_INT'
  AF_REF_REL_OP_WITH_INT(==, C_TYPE, (_AP_W2), (_AP_S2)) \
  ^
/home/MakerIris/.var/app/com.github.corna.Vivado/data/xilinx-install/2025.2/Vitis/include/etc/ap_fixed_ref.h:648:29: note: expanded from macro 'AF_REF_REL_OP_WITH_INT'
  AP_INLINE AP_NODEBUG bool operator REL_OP(                                            \
                            ^
/home/MakerIris/.var/app/com.github.corna.Vivado/data/xilinx-install/2025.2/Vitis/include/etc/ap_fixed_ref.h:681:1: note: candidate template ignored: could not match 'af_bit_ref' against 'axis'
/home/MakerIris/.var/app/com.github.corna.Vivado/data/xilinx-install/2025.2/Vitis/include/etc/ap_fixed_ref.h:676:3: note: expanded from macro 'AF_REF_REL_OPS_WITH_INT'
  AF_REF_REL_OP_WITH_INT(==, C_TYPE, (_AP_W2), (_AP_S2)) \
  ^
/home/MakerIris/.var/app/com.github.corna.Vivado/data/xilinx-install/2025.2/Vitis/include/etc/ap_fixed_ref.h:657:29: note: expanded from macro 'AF_REF_REL_OP_WITH_INT'
  AP_INLINE AP_NODEBUG bool operator REL_OP(                                            \
                            ^
/home/MakerIris/.var/app/com.github.corna.Vivado/data/xilinx-install/2025.2/Vitis/include/etc/ap_fixed_ref.h:681:1: note: candidate template ignored: could not match 'af_bit_ref<_AP_W, _AP_I, _AP_S, _AP_Q, _AP_O, _AP_N>' against 'long'
/home/MakerIris/.var/app/com.github.corna.Vivado/data/xilinx-install/2025.2/Vitis/include/etc/ap_fixed_ref.h:676:3: note: expanded from macro 'AF_REF_REL_OPS_WITH_INT'
  AF_REF_REL_OP_WITH_INT(==, C_TYPE, (_AP_W2), (_AP_S2)) \
  ^
/home/MakerIris/.var/app/com.github.corna.Vivado/data/xilinx-install/2025.2/Vitis/include/etc/ap_fixed_ref.h:665:29: note: expanded from macro 'AF_REF_REL_OP_WITH_INT'
  AP_INLINE AP_NODEBUG bool operator REL_OP(                                            \
                            ^
/home/MakerIris/.var/app/com.github.corna.Vivado/data/xilinx-install/2025.2/Vitis/include/etc/ap_fixed_ref.h:682:1: note: candidate template ignored: could not match 'af_range_ref' against 'axis'
AF_REF_REL_OPS_WITH_INT(unsigned char, 8, false)
^
/home/MakerIris/.var/app/com.github.corna.Vivado/data/xilinx-install/2025.2/Vitis/include/etc/ap_fixed_ref.h:676:3: note: expanded from macro 'AF_REF_REL_OPS_WITH_INT'
  AF_REF_REL_OP_WITH_INT(==, C_TYPE, (_AP_W2), (_AP_S2)) \
  ^
/home/MakerIris/.var/app/com.github.corna.Vivado/data/xilinx-install/2025.2/Vitis/include/etc/ap_fixed_ref.h:639:29: note: expanded from macro 'AF_REF_REL_OP_WITH_INT'
  AP_INLINE AP_NODEBUG bool operator REL_OP(                                            \
                            ^
/home/MakerIris/.var/app/com.github.corna.Vivado/data/xilinx-install/2025.2/Vitis/include/etc/ap_fixed_ref.h:682:1: note: candidate template ignored: could not match 'af_range_ref<_AP_W, _AP_I, _AP_S, _AP_Q, _AP_O, _AP_N>' against 'long'
/home/MakerIris/.var/app/com.github.corna.Vivado/data/xilinx-install/2025.2/Vitis/include/etc/ap_fixed_ref.h:676:3: note: expanded from macro 'AF_REF_REL_OPS_WITH_INT'
  AF_REF_REL_OP_WITH_INT(==, C_TYPE, (_AP_W2), (_AP_S2)) \
  ^
/home/MakerIris/.var/app/com.github.corna.Vivado/data/xilinx-install/2025.2/Vitis/include/etc/ap_fixed_ref.h:648:29: note: expanded from macro 'AF_REF_REL_OP_WITH_INT'
  AP_INLINE AP_NODEBUG bool operator REL_OP(                                            \
                            ^
/home/MakerIris/.var/app/com.github.corna.Vivado/data/xilinx-install/2025.2/Vitis/include/etc/ap_fixed_ref.h:682:1: note: candidate template ignored: could not match 'af_bit_ref' against 'axis'
/home/MakerIris/.var/app/com.github.corna.Vivado/data/xilinx-install/2025.2/Vitis/include/etc/ap_fixed_ref.h:676:3: note: expanded from macro 'AF_REF_REL_OPS_WITH_INT'
  AF_REF_REL_OP_WITH_INT(==, C_TYPE, (_AP_W2), (_AP_S2)) \
  ^
/home/MakerIris/.var/app/com.github.corna.Vivado/data/xilinx-install/2025.2/Vitis/include/etc/ap_fixed_ref.h:657:29: note: expanded from macro 'AF_REF_REL_OP_WITH_INT'
  AP_INLINE AP_NODEBUG bool operator REL_OP(                                            \
                            ^
/home/MakerIris/.var/app/com.github.corna.Vivado/data/xilinx-install/2025.2/Vitis/include/etc/ap_fixed_ref.h:682:1: note: candidate template ignored: could not match 'af_bit_ref<_AP_W, _AP_I, _AP_S, _AP_Q, _AP_O, _AP_N>' against 'long'
/home/MakerIris/.var/app/com.github.corna.Vivado/data/xilinx-install/2025.2/Vitis/include/etc/ap_fixed_ref.h:676:3: note: expanded from macro 'AF_REF_REL_OPS_WITH_INT'
  AF_REF_REL_OP_WITH_INT(==, C_TYPE, (_AP_W2), (_AP_S2)) \
  ^
/home/MakerIris/.var/app/com.github.corna.Vivado/data/xilinx-install/2025.2/Vitis/include/etc/ap_fixed_ref.h:665:29: note: expanded from macro 'AF_REF_REL_OP_WITH_INT'
  AP_INLINE AP_NODEBUG bool operator REL_OP(                                            \
                            ^
/home/MakerIris/.var/app/com.github.corna.Vivado/data/xilinx-install/2025.2/Vitis/include/etc/ap_fixed_ref.h:683:1: note: candidate template ignored: could not match 'af_range_ref' against 'axis'
AF_REF_REL_OPS_WITH_INT(short, _AP_SIZE_short, true)
^
/home/MakerIris/.var/app/com.github.corna.Vivado/data/xilinx-install/2025.2/Vitis/include/etc/ap_fixed_ref.h:676:3: note: expanded from macro 'AF_REF_REL_OPS_WITH_INT'
  AF_REF_REL_OP_WITH_INT(==, C_TYPE, (_AP_W2), (_AP_S2)) \
  ^
/home/MakerIris/.var/app/com.github.corna.Vivado/data/xilinx-install/2025.2/Vitis/include/etc/ap_fixed_ref.h:639:29: note: expanded from macro 'AF_REF_REL_OP_WITH_INT'
  AP_INLINE AP_NODEBUG bool operator REL_OP(                                            \
                            ^
/home/MakerIris/.var/app/com.github.corna.Vivado/data/xilinx-install/2025.2/Vitis/include/etc/ap_fixed_ref.h:683:1: note: candidate template ignored: could not match 'af_range_ref<_AP_W, _AP_I, _AP_S, _AP_Q, _AP_O, _AP_N>' against 'long'
/home/MakerIris/.var/app/com.github.corna.Vivado/data/xilinx-install/2025.2/Vitis/include/etc/ap_fixed_ref.h:676:3: note: expanded from macro 'AF_REF_REL_OPS_WITH_INT'
  AF_REF_REL_OP_WITH_INT(==, C_TYPE, (_AP_W2), (_AP_S2)) \
  ^
/home/MakerIris/.var/app/com.github.corna.Vivado/data/xilinx-install/2025.2/Vitis/include/etc/ap_fixed_ref.h:648:29: note: expanded from macro 'AF_REF_REL_OP_WITH_INT'
  AP_INLINE AP_NODEBUG bool operator REL_OP(                                            \
                            ^
/home/MakerIris/.var/app/com.github.corna.Vivado/data/xilinx-install/2025.2/Vitis/include/etc/ap_fixed_ref.h:683:1: note: candidate template ignored: could not match 'af_bit_ref' against 'axis'
/home/MakerIris/.var/app/com.github.corna.Vivado/data/xilinx-install/2025.2/Vitis/include/etc/ap_fixed_ref.h:676:3: note: expanded from macro 'AF_REF_REL_OPS_WITH_INT'
  AF_REF_REL_OP_WITH_INT(==, C_TYPE, (_AP_W2), (_AP_S2)) \
  ^
/home/MakerIris/.var/app/com.github.corna.Vivado/data/xilinx-install/2025.2/Vitis/include/etc/ap_fixed_ref.h:657:29: note: expanded from macro 'AF_REF_REL_OP_WITH_INT'
  AP_INLINE AP_NODEBUG bool operator REL_OP(                                            \
                            ^
/home/MakerIris/.var/app/com.github.corna.Vivado/data/xilinx-install/2025.2/Vitis/include/etc/ap_fixed_ref.h:683:1: note: candidate template ignored: could not match 'af_bit_ref<_AP_W, _AP_I, _AP_S, _AP_Q, _AP_O, _AP_N>' against 'long'
/home/MakerIris/.var/app/com.github.corna.Vivado/data/xilinx-install/2025.2/Vitis/include/etc/ap_fixed_ref.h:676:3: note: expanded from macro 'AF_REF_REL_OPS_WITH_INT'
  AF_REF_REL_OP_WITH_INT(==, C_TYPE, (_AP_W2), (_AP_S2)) \
  ^
/home/MakerIris/.var/app/com.github.corna.Vivado/data/xilinx-install/2025.2/Vitis/include/etc/ap_fixed_ref.h:665:29: note: expanded from macro 'AF_REF_REL_OP_WITH_INT'
  AP_INLINE AP_NODEBUG bool operator REL_OP(                                            \
                            ^
/home/MakerIris/.var/app/com.github.corna.Vivado/data/xilinx-install/2025.2/Vitis/include/etc/ap_fixed_ref.h:684:1: note: candidate template ignored: could not match 'af_range_ref' against 'axis'
AF_REF_REL_OPS_WITH_INT(unsigned short, _AP_SIZE_short, false)
^
/home/MakerIris/.var/app/com.github.corna.Vivado/data/xilinx-install/2025.2/Vitis/include/etc/ap_fixed_ref.h:676:3: note: expanded from macro 'AF_REF_REL_OPS_WITH_INT'
  AF_REF_REL_OP_WITH_INT(==, C_TYPE, (_AP_W2), (_AP_S2)) \
  ^
/home/MakerIris/.var/app/com.github.corna.Vivado/data/xilinx-install/2025.2/Vitis/include/etc/ap_fixed_ref.h:639:29: note: expanded from macro 'AF_REF_REL_OP_WITH_INT'
  AP_INLINE AP_NODEBUG bool operator REL_OP(                                            \
                            ^
/home/MakerIris/.var/app/com.github.corna.Vivado/data/xilinx-install/2025.2/Vitis/include/etc/ap_fixed_ref.h:684:1: note: candidate template ignored: could not match 'af_range_ref<_AP_W, _AP_I, _AP_S, _AP_Q, _AP_O, _AP_N>' against 'long'
/home/MakerIris/.var/app/com.github.corna.Vivado/data/xilinx-install/2025.2/Vitis/include/etc/ap_fixed_ref.h:676:3: note: expanded from macro 'AF_REF_REL_OPS_WITH_INT'
  AF_REF_REL_OP_WITH_INT(==, C_TYPE, (_AP_W2), (_AP_S2)) \
  ^
/home/MakerIris/.var/app/com.github.corna.Vivado/data/xilinx-install/2025.2/Vitis/include/etc/ap_fixed_ref.h:648:29: note: expanded from macro 'AF_REF_REL_OP_WITH_INT'
  AP_INLINE AP_NODEBUG bool operator REL_OP(                                            \
                            ^
/home/MakerIris/.var/app/com.github.corna.Vivado/data/xilinx-install/2025.2/Vitis/include/etc/ap_fixed_ref.h:684:1: note: candidate template ignored: could not match 'af_bit_ref' against 'axis'
/home/MakerIris/.var/app/com.github.corna.Vivado/data/xilinx-install/2025.2/Vitis/include/etc/ap_fixed_ref.h:676:3: note: expanded from macro 'AF_REF_REL_OPS_WITH_INT'
  AF_REF_REL_OP_WITH_INT(==, C_TYPE, (_AP_W2), (_AP_S2)) \
  ^
/home/MakerIris/.var/app/com.github.corna.Vivado/data/xilinx-install/2025.2/Vitis/include/etc/ap_fixed_ref.h:657:29: note: expanded from macro 'AF_REF_REL_OP_WITH_INT'
  AP_INLINE AP_NODEBUG bool operator REL_OP(                                            \
                            ^
/home/MakerIris/.var/app/com.github.corna.Vivado/data/xilinx-install/2025.2/Vitis/include/etc/ap_fixed_ref.h:684:1: note: candidate template ignored: could not match 'af_bit_ref<_AP_W, _AP_I, _AP_S, _AP_Q, _AP_O, _AP_N>' against 'long'
/home/MakerIris/.var/app/com.github.corna.Vivado/data/xilinx-install/2025.2/Vitis/include/etc/ap_fixed_ref.h:676:3: note: expanded from macro 'AF_REF_REL_OPS_WITH_INT'
  AF_REF_REL_OP_WITH_INT(==, C_TYPE, (_AP_W2), (_AP_S2)) \
  ^
/home/MakerIris/.var/app/com.github.corna.Vivado/data/xilinx-install/2025.2/Vitis/include/etc/ap_fixed_ref.h:665:29: note: expanded from macro 'AF_REF_REL_OP_WITH_INT'
  AP_INLINE AP_NODEBUG bool operator REL_OP(                                            \
                            ^
/home/MakerIris/.var/app/com.github.corna.Vivado/data/xilinx-install/2025.2/Vitis/include/etc/ap_fixed_ref.h:685:1: note: candidate template ignored: could not match 'af_range_ref' against 'axis'
AF_REF_REL_OPS_WITH_INT(int, _AP_SIZE_int, true)
^
/home/MakerIris/.var/app/com.github.corna.Vivado/data/xilinx-install/2025.2/Vitis/include/etc/ap_fixed_ref.h:676:3: note: expanded from macro 'AF_REF_REL_OPS_WITH_INT'
  AF_REF_REL_OP_WITH_INT(==, C_TYPE, (_AP_W2), (_AP_S2)) \
  ^
/home/MakerIris/.var/app/com.github.corna.Vivado/data/xilinx-install/2025.2/Vitis/include/etc/ap_fixed_ref.h:639:29: note: expanded from macro 'AF_REF_REL_OP_WITH_INT'
  AP_INLINE AP_NODEBUG bool operator REL_OP(                                            \
                            ^
/home/MakerIris/.var/app/com.github.corna.Vivado/data/xilinx-install/2025.2/Vitis/include/etc/ap_fixed_ref.h:685:1: note: candidate template ignored: could not match 'af_range_ref<_AP_W, _AP_I, _AP_S, _AP_Q, _AP_O, _AP_N>' against 'long'
/home/MakerIris/.var/app/com.github.corna.Vivado/data/xilinx-install/2025.2/Vitis/include/etc/ap_fixed_ref.h:676:3: note: expanded from macro 'AF_REF_REL_OPS_WITH_INT'
  AF_REF_REL_OP_WITH_INT(==, C_TYPE, (_AP_W2), (_AP_S2)) \
  ^
/home/MakerIris/.var/app/com.github.corna.Vivado/data/xilinx-install/2025.2/Vitis/include/etc/ap_fixed_ref.h:648:29: note: expanded from macro 'AF_REF_REL_OP_WITH_INT'
  AP_INLINE AP_NODEBUG bool operator REL_OP(                                            \
                            ^
/home/MakerIris/.var/app/com.github.corna.Vivado/data/xilinx-install/2025.2/Vitis/include/etc/ap_fixed_ref.h:685:1: note: candidate template ignored: could not match 'af_bit_ref' against 'axis'
/home/MakerIris/.var/app/com.github.corna.Vivado/data/xilinx-install/2025.2/Vitis/include/etc/ap_fixed_ref.h:676:3: note: expanded from macro 'AF_REF_REL_OPS_WITH_INT'
  AF_REF_REL_OP_WITH_INT(==, C_TYPE, (_AP_W2), (_AP_S2)) \
  ^
/home/MakerIris/.var/app/com.github.corna.Vivado/data/xilinx-install/2025.2/Vitis/include/etc/ap_fixed_ref.h:657:29: note: expanded from macro 'AF_REF_REL_OP_WITH_INT'
  AP_INLINE AP_NODEBUG bool operator REL_OP(                                            \
                            ^
/home/MakerIris/.var/app/com.github.corna.Vivado/data/xilinx-install/2025.2/Vitis/include/etc/ap_fixed_ref.h:685:1: note: candidate template ignored: could not match 'af_bit_ref<_AP_W, _AP_I, _AP_S, _AP_Q, _AP_O, _AP_N>' against 'long'
/home/MakerIris/.var/app/com.github.corna.Vivado/data/xilinx-install/2025.2/Vitis/include/etc/ap_fixed_ref.h:676:3: note: expanded from macro 'AF_REF_REL_OPS_WITH_INT'
  AF_REF_REL_OP_WITH_INT(==, C_TYPE, (_AP_W2), (_AP_S2)) \
  ^
/home/MakerIris/.var/app/com.github.corna.Vivado/data/xilinx-install/2025.2/Vitis/include/etc/ap_fixed_ref.h:665:29: note: expanded from macro 'AF_REF_REL_OP_WITH_INT'
  AP_INLINE AP_NODEBUG bool operator REL_OP(                                            \
                            ^
/home/MakerIris/.var/app/com.github.corna.Vivado/data/xilinx-install/2025.2/Vitis/include/etc/ap_fixed_ref.h:686:1: note: candidate template ignored: could not match 'af_range_ref' against 'axis'
AF_REF_REL_OPS_WITH_INT(unsigned int, _AP_SIZE_int, false)
^
/home/MakerIris/.var/app/com.github.corna.Vivado/data/xilinx-install/2025.2/Vitis/include/etc/ap_fixed_ref.h:676:3: note: expanded from macro 'AF_REF_REL_OPS_WITH_INT'
  AF_REF_REL_OP_WITH_INT(==, C_TYPE, (_AP_W2), (_AP_S2)) \
  ^
/home/MakerIris/.var/app/com.github.corna.Vivado/data/xilinx-install/2025.2/Vitis/include/etc/ap_fixed_ref.h:639:29: note: expanded from macro 'AF_REF_REL_OP_WITH_INT'
  AP_INLINE AP_NODEBUG bool operator REL_OP(                                            \
                            ^
/home/MakerIris/.var/app/com.github.corna.Vivado/data/xilinx-install/2025.2/Vitis/include/etc/ap_fixed_ref.h:686:1: note: candidate template ignored: could not match 'af_range_ref<_AP_W, _AP_I, _AP_S, _AP_Q, _AP_O, _AP_N>' against 'long'
/home/MakerIris/.var/app/com.github.corna.Vivado/data/xilinx-install/2025.2/Vitis/include/etc/ap_fixed_ref.h:676:3: note: expanded from macro 'AF_REF_REL_OPS_WITH_INT'
  AF_REF_REL_OP_WITH_INT(==, C_TYPE, (_AP_W2), (_AP_S2)) \
  ^
/home/MakerIris/.var/app/com.github.corna.Vivado/data/xilinx-install/2025.2/Vitis/include/etc/ap_fixed_ref.h:648:29: note: expanded from macro 'AF_REF_REL_OP_WITH_INT'
  AP_INLINE AP_NODEBUG bool operator REL_OP(                                            \
                            ^
/home/MakerIris/.var/app/com.github.corna.Vivado/data/xilinx-install/2025.2/Vitis/include/etc/ap_fixed_ref.h:686:1: note: candidate template ignored: could not match 'af_bit_ref' against 'axis'
/home/MakerIris/.var/app/com.github.corna.Vivado/data/xilinx-install/2025.2/Vitis/include/etc/ap_fixed_ref.h:676:3: note: expanded from macro 'AF_REF_REL_OPS_WITH_INT'
  AF_REF_REL_OP_WITH_INT(==, C_TYPE, (_AP_W2), (_AP_S2)) \
  ^
/home/MakerIris/.var/app/com.github.corna.Vivado/data/xilinx-install/2025.2/Vitis/include/etc/ap_fixed_ref.h:657:29: note: expanded from macro 'AF_REF_REL_OP_WITH_INT'
  AP_INLINE AP_NODEBUG bool operator REL_OP(                                            \
                            ^
/home/MakerIris/.var/app/com.github.corna.Vivado/data/xilinx-install/2025.2/Vitis/include/etc/ap_fixed_ref.h:686:1: note: candidate template ignored: could not match 'af_bit_ref<_AP_W, _AP_I, _AP_S, _AP_Q, _AP_O, _AP_N>' against 'long'
/home/MakerIris/.var/app/com.github.corna.Vivado/data/xilinx-install/2025.2/Vitis/include/etc/ap_fixed_ref.h:676:3: note: expanded from macro 'AF_REF_REL_OPS_WITH_INT'
  AF_REF_REL_OP_WITH_INT(==, C_TYPE, (_AP_W2), (_AP_S2)) \
  ^
/home/MakerIris/.var/app/com.github.corna.Vivado/data/xilinx-install/2025.2/Vitis/include/etc/ap_fixed_ref.h:665:29: note: expanded from macro 'AF_REF_REL_OP_WITH_INT'
  AP_INLINE AP_NODEBUG bool operator REL_OP(                                            \
                            ^
/home/MakerIris/.var/app/com.github.corna.Vivado/data/xilinx-install/2025.2/Vitis/include/etc/ap_fixed_ref.h:687:1: note: candidate template ignored: could not match 'af_range_ref' against 'axis'
AF_REF_REL_OPS_WITH_INT(long, _AP_SIZE_long, true)
^
/home/MakerIris/.var/app/com.github.corna.Vivado/data/xilinx-install/2025.2/Vitis/include/etc/ap_fixed_ref.h:676:3: note: expanded from macro 'AF_REF_REL_OPS_WITH_INT'
  AF_REF_REL_OP_WITH_INT(==, C_TYPE, (_AP_W2), (_AP_S2)) \
  ^
/home/MakerIris/.var/app/com.github.corna.Vivado/data/xilinx-install/2025.2/Vitis/include/etc/ap_fixed_ref.h:639:29: note: expanded from macro 'AF_REF_REL_OP_WITH_INT'
  AP_INLINE AP_NODEBUG bool operator REL_OP(                                            \
                            ^
/home/MakerIris/.var/app/com.github.corna.Vivado/data/xilinx-install/2025.2/Vitis/include/etc/ap_fixed_ref.h:687:1: note: candidate template ignored: could not match 'af_range_ref<_AP_W, _AP_I, _AP_S, _AP_Q, _AP_O, _AP_N>' against 'long'
/home/MakerIris/.var/app/com.github.corna.Vivado/data/xilinx-install/2025.2/Vitis/include/etc/ap_fixed_ref.h:676:3: note: expanded from macro 'AF_REF_REL_OPS_WITH_INT'
  AF_REF_REL_OP_WITH_INT(==, C_TYPE, (_AP_W2), (_AP_S2)) \
  ^
/home/MakerIris/.var/app/com.github.corna.Vivado/data/xilinx-install/2025.2/Vitis/include/etc/ap_fixed_ref.h:648:29: note: expanded from macro 'AF_REF_REL_OP_WITH_INT'
  AP_INLINE AP_NODEBUG bool operator REL_OP(                                            \
                            ^
/home/MakerIris/.var/app/com.github.corna.Vivado/data/xilinx-install/2025.2/Vitis/include/etc/ap_fixed_ref.h:687:1: note: candidate template ignored: could not match 'af_bit_ref' against 'axis'
/home/MakerIris/.var/app/com.github.corna.Vivado/data/xilinx-install/2025.2/Vitis/include/etc/ap_fixed_ref.h:676:3: note: expanded from macro 'AF_REF_REL_OPS_WITH_INT'
  AF_REF_REL_OP_WITH_INT(==, C_TYPE, (_AP_W2), (_AP_S2)) \
  ^
/home/MakerIris/.var/app/com.github.corna.Vivado/data/xilinx-install/2025.2/Vitis/include/etc/ap_fixed_ref.h:657:29: note: expanded from macro 'AF_REF_REL_OP_WITH_INT'
  AP_INLINE AP_NODEBUG bool operator REL_OP(                                            \
                            ^
/home/MakerIris/.var/app/com.github.corna.Vivado/data/xilinx-install/2025.2/Vitis/include/etc/ap_fixed_ref.h:687:1: note: candidate template ignored: could not match 'af_bit_ref<_AP_W, _AP_I, _AP_S, _AP_Q, _AP_O, _AP_N>' against 'long'
/home/MakerIris/.var/app/com.github.corna.Vivado/data/xilinx-install/2025.2/Vitis/include/etc/ap_fixed_ref.h:676:3: note: expanded from macro 'AF_REF_REL_OPS_WITH_INT'
  AF_REF_REL_OP_WITH_INT(==, C_TYPE, (_AP_W2), (_AP_S2)) \
  ^
/home/MakerIris/.var/app/com.github.corna.Vivado/data/xilinx-install/2025.2/Vitis/include/etc/ap_fixed_ref.h:665:29: note: expanded from macro 'AF_REF_REL_OP_WITH_INT'
  AP_INLINE AP_NODEBUG bool operator REL_OP(                                            \
                            ^
/home/MakerIris/.var/app/com.github.corna.Vivado/data/xilinx-install/2025.2/Vitis/include/etc/ap_fixed_ref.h:688:1: note: candidate template ignored: could not match 'af_range_ref' against 'axis'
AF_REF_REL_OPS_WITH_INT(unsigned long, _AP_SIZE_long, false)
^
/home/MakerIris/.var/app/com.github.corna.Vivado/data/xilinx-install/2025.2/Vitis/include/etc/ap_fixed_ref.h:676:3: note: expanded from macro 'AF_REF_REL_OPS_WITH_INT'
  AF_REF_REL_OP_WITH_INT(==, C_TYPE, (_AP_W2), (_AP_S2)) \
  ^
/home/MakerIris/.var/app/com.github.corna.Vivado/data/xilinx-install/2025.2/Vitis/include/etc/ap_fixed_ref.h:639:29: note: expanded from macro 'AF_REF_REL_OP_WITH_INT'
  AP_INLINE AP_NODEBUG bool operator REL_OP(                                            \
                            ^
/home/MakerIris/.var/app/com.github.corna.Vivado/data/xilinx-install/2025.2/Vitis/include/etc/ap_fixed_ref.h:688:1: note: candidate template ignored: could not match 'af_range_ref<_AP_W, _AP_I, _AP_S, _AP_Q, _AP_O, _AP_N>' against 'long'
/home/MakerIris/.var/app/com.github.corna.Vivado/data/xilinx-install/2025.2/Vitis/include/etc/ap_fixed_ref.h:676:3: note: expanded from macro 'AF_REF_REL_OPS_WITH_INT'
  AF_REF_REL_OP_WITH_INT(==, C_TYPE, (_AP_W2), (_AP_S2)) \
  ^
/home/MakerIris/.var/app/com.github.corna.Vivado/data/xilinx-install/2025.2/Vitis/include/etc/ap_fixed_ref.h:648:29: note: expanded from macro 'AF_REF_REL_OP_WITH_INT'
  AP_INLINE AP_NODEBUG bool operator REL_OP(                                            \
                            ^
/home/MakerIris/.var/app/com.github.corna.Vivado/data/xilinx-install/2025.2/Vitis/include/etc/ap_fixed_ref.h:688:1: note: candidate template ignored: could not match 'af_bit_ref' against 'axis'
/home/MakerIris/.var/app/com.github.corna.Vivado/data/xilinx-install/2025.2/Vitis/include/etc/ap_fixed_ref.h:676:3: note: expanded from macro 'AF_REF_REL_OPS_WITH_INT'
  AF_REF_REL_OP_WITH_INT(==, C_TYPE, (_AP_W2), (_AP_S2)) \
  ^
/home/MakerIris/.var/app/com.github.corna.Vivado/data/xilinx-install/2025.2/Vitis/include/etc/ap_fixed_ref.h:657:29: note: expanded from macro 'AF_REF_REL_OP_WITH_INT'
  AP_INLINE AP_NODEBUG bool operator REL_OP(                                            \
                            ^
/home/MakerIris/.var/app/com.github.corna.Vivado/data/xilinx-install/2025.2/Vitis/include/etc/ap_fixed_ref.h:688:1: note: candidate template ignored: could not match 'af_bit_ref<_AP_W, _AP_I, _AP_S, _AP_Q, _AP_O, _AP_N>' against 'long'
/home/MakerIris/.var/app/com.github.corna.Vivado/data/xilinx-install/2025.2/Vitis/include/etc/ap_fixed_ref.h:676:3: note: expanded from macro 'AF_REF_REL_OPS_WITH_INT'
  AF_REF_REL_OP_WITH_INT(==, C_TYPE, (_AP_W2), (_AP_S2)) \
  ^
/home/MakerIris/.var/app/com.github.corna.Vivado/data/xilinx-install/2025.2/Vitis/include/etc/ap_fixed_ref.h:665:29: note: expanded from macro 'AF_REF_REL_OP_WITH_INT'
  AP_INLINE AP_NODEBUG bool operator REL_OP(                                            \
                            ^
/home/MakerIris/.var/app/com.github.corna.Vivado/data/xilinx-install/2025.2/Vitis/include/etc/ap_fixed_ref.h:689:1: note: candidate template ignored: could not match 'af_range_ref' against 'axis'
AF_REF_REL_OPS_WITH_INT(ap_slong, _AP_SIZE_ap_slong, true)
^
/home/MakerIris/.var/app/com.github.corna.Vivado/data/xilinx-install/2025.2/Vitis/include/etc/ap_fixed_ref.h:676:3: note: expanded from macro 'AF_REF_REL_OPS_WITH_INT'
  AF_REF_REL_OP_WITH_INT(==, C_TYPE, (_AP_W2), (_AP_S2)) \
  ^
/home/MakerIris/.var/app/com.github.corna.Vivado/data/xilinx-install/2025.2/Vitis/include/etc/ap_fixed_ref.h:639:29: note: expanded from macro 'AF_REF_REL_OP_WITH_INT'
  AP_INLINE AP_NODEBUG bool operator REL_OP(                                            \
                            ^
/home/MakerIris/.var/app/com.github.corna.Vivado/data/xilinx-install/2025.2/Vitis/include/etc/ap_fixed_ref.h:689:1: note: candidate template ignored: could not match 'af_range_ref<_AP_W, _AP_I, _AP_S, _AP_Q, _AP_O, _AP_N>' against 'long'
/home/MakerIris/.var/app/com.github.corna.Vivado/data/xilinx-install/2025.2/Vitis/include/etc/ap_fixed_ref.h:676:3: note: expanded from macro 'AF_REF_REL_OPS_WITH_INT'
  AF_REF_REL_OP_WITH_INT(==, C_TYPE, (_AP_W2), (_AP_S2)) \
  ^
/home/MakerIris/.var/app/com.github.corna.Vivado/data/xilinx-install/2025.2/Vitis/include/etc/ap_fixed_ref.h:648:29: note: expanded from macro 'AF_REF_REL_OP_WITH_INT'
  AP_INLINE AP_NODEBUG bool operator REL_OP(                                            \
                            ^
/home/MakerIris/.var/app/com.github.corna.Vivado/data/xilinx-install/2025.2/Vitis/include/etc/ap_fixed_ref.h:689:1: note: candidate template ignored: could not match 'af_bit_ref' against 'axis'
/home/MakerIris/.var/app/com.github.corna.Vivado/data/xilinx-install/2025.2/Vitis/include/etc/ap_fixed_ref.h:676:3: note: expanded from macro 'AF_REF_REL_OPS_WITH_INT'
  AF_REF_REL_OP_WITH_INT(==, C_TYPE, (_AP_W2), (_AP_S2)) \
  ^
/home/MakerIris/.var/app/com.github.corna.Vivado/data/xilinx-install/2025.2/Vitis/include/etc/ap_fixed_ref.h:657:29: note: expanded from macro 'AF_REF_REL_OP_WITH_INT'
  AP_INLINE AP_NODEBUG bool operator REL_OP(                                            \
                            ^
/home/MakerIris/.var/app/com.github.corna.Vivado/data/xilinx-install/2025.2/Vitis/include/etc/ap_fixed_ref.h:689:1: note: candidate template ignored: could not match 'af_bit_ref<_AP_W, _AP_I, _AP_S, _AP_Q, _AP_O, _AP_N>' against 'long'
/home/MakerIris/.var/app/com.github.corna.Vivado/data/xilinx-install/2025.2/Vitis/include/etc/ap_fixed_ref.h:676:3: note: expanded from macro 'AF_REF_REL_OPS_WITH_INT'
  AF_REF_REL_OP_WITH_INT(==, C_TYPE, (_AP_W2), (_AP_S2)) \
  ^
/home/MakerIris/.var/app/com.github.corna.Vivado/data/xilinx-install/2025.2/Vitis/include/etc/ap_fixed_ref.h:665:29: note: expanded from macro 'AF_REF_REL_OP_WITH_INT'
  AP_INLINE AP_NODEBUG bool operator REL_OP(                                            \
                            ^
/home/MakerIris/.var/app/com.github.corna.Vivado/data/xilinx-install/2025.2/Vitis/include/etc/ap_fixed_ref.h:690:1: note: candidate template ignored: could not match 'af_range_ref' against 'axis'
AF_REF_REL_OPS_WITH_INT(ap_ulong, _AP_SIZE_ap_slong, false)
^
/home/MakerIris/.var/app/com.github.corna.Vivado/data/xilinx-install/2025.2/Vitis/include/etc/ap_fixed_ref.h:676:3: note: expanded from macro 'AF_REF_REL_OPS_WITH_INT'
  AF_REF_REL_OP_WITH_INT(==, C_TYPE, (_AP_W2), (_AP_S2)) \
  ^
/home/MakerIris/.var/app/com.github.corna.Vivado/data/xilinx-install/2025.2/Vitis/include/etc/ap_fixed_ref.h:639:29: note: expanded from macro 'AF_REF_REL_OP_WITH_INT'
  AP_INLINE AP_NODEBUG bool operator REL_OP(                                            \
                            ^
/home/MakerIris/.var/app/com.github.corna.Vivado/data/xilinx-install/2025.2/Vitis/include/etc/ap_fixed_ref.h:690:1: note: candidate template ignored: could not match 'af_range_ref<_AP_W, _AP_I, _AP_S, _AP_Q, _AP_O, _AP_N>' against 'long'
/home/MakerIris/.var/app/com.github.corna.Vivado/data/xilinx-install/2025.2/Vitis/include/etc/ap_fixed_ref.h:676:3: note: expanded from macro 'AF_REF_REL_OPS_WITH_INT'
  AF_REF_REL_OP_WITH_INT(==, C_TYPE, (_AP_W2), (_AP_S2)) \
  ^
/home/MakerIris/.var/app/com.github.corna.Vivado/data/xilinx-install/2025.2/Vitis/include/etc/ap_fixed_ref.h:648:29: note: expanded from macro 'AF_REF_REL_OP_WITH_INT'
  AP_INLINE AP_NODEBUG bool operator REL_OP(                                            \
                            ^
/home/MakerIris/.var/app/com.github.corna.Vivado/data/xilinx-install/2025.2/Vitis/include/etc/ap_fixed_ref.h:690:1: note: candidate template ignored: could not match 'af_bit_ref' against 'axis'
/home/MakerIris/.var/app/com.github.corna.Vivado/data/xilinx-install/2025.2/Vitis/include/etc/ap_fixed_ref.h:676:3: note: expanded from macro 'AF_REF_REL_OPS_WITH_INT'
  AF_REF_REL_OP_WITH_INT(==, C_TYPE, (_AP_W2), (_AP_S2)) \
  ^
/home/MakerIris/.var/app/com.github.corna.Vivado/data/xilinx-install/2025.2/Vitis/include/etc/ap_fixed_ref.h:657:29: note: expanded from macro 'AF_REF_REL_OP_WITH_INT'
  AP_INLINE AP_NODEBUG bool operator REL_OP(                                            \
                            ^
/home/MakerIris/.var/app/com.github.corna.Vivado/data/xilinx-install/2025.2/Vitis/include/etc/ap_fixed_ref.h:690:1: note: candidate template ignored: could not match 'af_bit_ref<_AP_W, _AP_I, _AP_S, _AP_Q, _AP_O, _AP_N>' against 'long'
/home/MakerIris/.var/app/com.github.corna.Vivado/data/xilinx-install/2025.2/Vitis/include/etc/ap_fixed_ref.h:676:3: note: expanded from macro 'AF_REF_REL_OPS_WITH_INT'
  AF_REF_REL_OP_WITH_INT(==, C_TYPE, (_AP_W2), (_AP_S2)) \
  ^
/home/MakerIris/.var/app/com.github.corna.Vivado/data/xilinx-install/2025.2/Vitis/include/etc/ap_fixed_ref.h:665:29: note: expanded from macro 'AF_REF_REL_OP_WITH_INT'
  AP_INLINE AP_NODEBUG bool operator REL_OP(                                            \
                            ^
/home/MakerIris/.var/app/com.github.corna.Vivado/data/xilinx-install/2025.2/Vitis/include/etc/ap_fixed_ref.h:729:1: note: candidate template ignored: could not match 'af_range_ref' against 'axis'
AF_REF_REL_OP_WITH_AP_INT(==)
^
/home/MakerIris/.var/app/com.github.corna.Vivado/data/xilinx-install/2025.2/Vitis/include/etc/ap_fixed_ref.h:698:29: note: expanded from macro 'AF_REF_REL_OP_WITH_AP_INT'
  AP_INLINE AP_NODEBUG bool operator REL_OP(                                            \
                            ^
/home/MakerIris/.var/app/com.github.corna.Vivado/data/xilinx-install/2025.2/Vitis/include/etc/ap_fixed_ref.h:729:1: note: candidate template ignored: could not match 'ap_int_base' against 'axis'
/home/MakerIris/.var/app/com.github.corna.Vivado/data/xilinx-install/2025.2/Vitis/include/etc/ap_fixed_ref.h:705:29: note: expanded from macro 'AF_REF_REL_OP_WITH_AP_INT'
  AP_INLINE AP_NODEBUG bool operator REL_OP(                                            \
                            ^
/home/MakerIris/.var/app/com.github.corna.Vivado/data/xilinx-install/2025.2/Vitis/include/etc/ap_fixed_ref.h:729:1: note: candidate template ignored: could not match 'af_bit_ref' against 'axis'
/home/MakerIris/.var/app/com.github.corna.Vivado/data/xilinx-install/2025.2/Vitis/include/etc/ap_fixed_ref.h:712:29: note: expanded from macro 'AF_REF_REL_OP_WITH_AP_INT'
  AP_INLINE AP_NODEBUG bool operator REL_OP(                                            \
                            ^
/home/MakerIris/.var/app/com.github.corna.Vivado/data/xilinx-install/2025.2/Vitis/include/etc/ap_fixed_ref.h:729:1: note: candidate template ignored: could not match 'ap_int_base' against 'axis'
/home/MakerIris/.var/app/com.github.corna.Vivado/data/xilinx-install/2025.2/Vitis/include/etc/ap_fixed_ref.h:719:29: note: expanded from macro 'AF_REF_REL_OP_WITH_AP_INT'
  AP_INLINE AP_NODEBUG bool operator REL_OP(                                            \
                            ^
../../../../mixer_tb.cpp:74:18: error: type 'audio_stream' (aka 'axis<ap_uint<32UL>, 2UL, 5UL, 6UL, '8', false>') does not provide a subscript operator
        hw_result[i] = 0;
        ~~~~~~~~~^~
1 warning and 2 errors generated.
make: *** [csim.mk:88: obj/mixer_tb.o] Error 1
ERROR: [SIM 211-100] 'csim_design' failed: compilation error(s).
INFO: [SIM 211-3] *************** CSIM finish ***************
ERROR: CSIM Failed
INFO: [HLS 200-112] Total CPU user time: 5.03 seconds. Total CPU system time: 0.96 seconds. Total elapsed time: 5.98 seconds; peak allocated memory: 630.586 MB.
