

================================================================
== Vitis HLS Report for 'mixer_Pipeline_VITIS_LOOP_30_1'
================================================================
* Date:           Fri Mar 27 17:43:12 2026

* Version:        2025.2 (Build 6295257 on Nov 14 2025)
* Project:        FPGA_Mix_Hardware
* Solution:       hls (Vivado IP Flow Target)
* Product family: zynquplus
* Target device:  xczu3eg-sfvc784-2-e


================================================================
== Performance Estimates
================================================================
+ Timing: 
    * Summary: 
    +--------+----------+----------+------------+
    |  Clock |  Target  | Estimated| Uncertainty|
    +--------+----------+----------+------------+
    |ap_clk  |  10.00 ns|  6.388 ns|     2.70 ns|
    +--------+----------+----------+------------+

+ Latency: 
    * Summary: 
    +---------+---------+----------+----------+-----+-----+-------------------+
    |  Latency (cycles) |  Latency (absolute) |  Interval |      Pipeline     |
    |   min   |   max   |    min   |    max   | min | max |        Type       |
    +---------+---------+----------+----------+-----+-----+-------------------+
    |      204|    20004|  2.040 us|  0.200 ms|    0|    0|  loop pipeline stp|
    +---------+---------+----------+----------+-----+-----+-------------------+

    + Detail: 
        * Instance: 
        N/A

        * Loop: 
        +-------------------+---------+---------+----------+-----------+-----------+-------------+----------+
        |                   |  Latency (cycles) | Iteration|  Initiation Interval  |     Trip    |          |
        |     Loop Name     |   min   |   max   |  Latency |  achieved |   target  |    Count    | Pipelined|
        +-------------------+---------+---------+----------+-----------+-----------+-------------+----------+
        |- VITIS_LOOP_30_1  |      202|    20002|         3|          1|          1|  200 ~ 20000|       yes|
        +-------------------+---------+---------+----------+-----------+-----------+-------------+----------+



================================================================
== Utilization Estimates
================================================================
* Summary: 
+-----------------+---------+-----+--------+-------+-----+
|       Name      | BRAM_18K| DSP |   FF   |  LUT  | URAM|
+-----------------+---------+-----+--------+-------+-----+
|DSP              |        -|    -|       -|      -|    -|
|Expression       |        -|    -|       0|    565|    -|
|FIFO             |        -|    -|       -|      -|    -|
|Instance         |        -|    2|       0|     63|    -|
|Memory           |        -|    -|       -|      -|    -|
|Multiplexer      |        -|    -|       0|    126|    -|
|Register         |        -|    -|     266|      -|    -|
+-----------------+---------+-----+--------+-------+-----+
|Total            |        0|    2|     266|    754|    0|
+-----------------+---------+-----+--------+-------+-----+
|Available        |      432|  360|  141120|  70560|    0|
+-----------------+---------+-----+--------+-------+-----+
|Utilization (%)  |        0|   ~0|      ~0|      1|    0|
+-----------------+---------+-----+--------+-------+-----+

+ Detail: 
    * Instance: 
    +-------------------------+----------------------+---------+----+---+----+-----+
    |         Instance        |        Module        | BRAM_18K| DSP| FF| LUT| URAM|
    +-------------------------+----------------------+---------+----+---+----+-----+
    |mul_9ns_32s_40_1_1_U1    |mul_9ns_32s_40_1_1    |        0|   2|  0|  20|    0|
    |sparsemux_17_4_9_1_1_U2  |sparsemux_17_4_9_1_1  |        0|   0|  0|  43|    0|
    +-------------------------+----------------------+---------+----+---+----+-----+
    |Total                    |                      |        0|   2|  0|  63|    0|
    +-------------------------+----------------------+---------+----+---+----+-----+

    * DSP: 
    N/A

    * Memory: 
    N/A

    * FIFO: 
    N/A

    * Expression: 
    +---------------------------------------+----------+----+---+----+------------+------------+
    |             Variable Name             | Operation| DSP| FF| LUT| Bitwidth P0| Bitwidth P1|
    +---------------------------------------+----------+----+---+----+------------+------------+
    |mix_int_11_fu_693_p2                   |         +|   0|  0|  39|          32|          32|
    |mix_int_13_fu_706_p2                   |         +|   0|  0|  39|          32|          32|
    |mix_int_1_fu_575_p2                    |         +|   0|  0|  39|          32|          32|
    |mix_int_3_fu_589_p2                    |         +|   0|  0|  39|          32|          32|
    |mix_int_5_fu_603_p2                    |         +|   0|  0|  39|          32|          32|
    |mix_int_7_fu_617_p2                    |         +|   0|  0|  39|          32|          32|
    |mix_int_9_fu_682_p2                    |         +|   0|  0|  39|          32|          32|
    |ap_block_pp0_stage0_01001_grp1         |       and|   0|  0|   2|           1|           1|
    |ap_block_state3_pp0_stage0_iter2_grp1  |       and|   0|  0|   2|           1|           1|
    |ap_condition_283                       |       and|   0|  0|   2|           1|           1|
    |icmp_ln65_fu_509_p2                    |      icmp|   0|  0|  12|           4|           1|
    |ap_block_pp0_stage0_11001              |        or|   0|  0|   2|           1|           1|
    |or_ln69_1_fu_637_p2                    |        or|   0|  0|   2|           1|           1|
    |or_ln69_2_fu_643_p2                    |        or|   0|  0|   2|           1|           1|
    |or_ln69_3_fu_649_p2                    |        or|   0|  0|   2|           1|           1|
    |or_ln69_4_fu_655_p2                    |        or|   0|  0|   2|           1|           1|
    |or_ln69_5_fu_661_p2                    |        or|   0|  0|   2|           1|           1|
    |or_ln69_6_fu_667_p2                    |        or|   0|  0|   2|           1|           1|
    |or_ln69_fu_631_p2                      |        or|   0|  0|   2|           1|           1|
    |mix_int_10_fu_687_p3                   |    select|   0|  0|  32|           1|          32|
    |mix_int_12_fu_699_p3                   |    select|   0|  0|  32|           1|          32|
    |mix_int_14_fu_712_p3                   |    select|   0|  0|  32|           1|          32|
    |mix_int_2_fu_581_p3                    |    select|   0|  0|  32|           1|          32|
    |mix_int_4_fu_595_p3                    |    select|   0|  0|  32|           1|          32|
    |mix_int_6_fu_609_p3                    |    select|   0|  0|  32|           1|          32|
    |mix_int_8_fu_623_p3                    |    select|   0|  0|  32|           1|          32|
    |mix_int_fu_567_p3                      |    select|   0|  0|  32|           1|          32|
    |ap_enable_pp0                          |       xor|   0|  0|   2|           1|           2|
    +---------------------------------------+----------+----+---+----+------------+------------+
    |Total                                  |          |   0|  0| 565|         248|         494|
    +---------------------------------------+----------+----+---+----+------------+------------+

    * Multiplexer: 
    +-------------------------------------------+----+-----------+-----+-----------+
    |                    Name                   | LUT| Input Size| Bits| Total Bits|
    +-------------------------------------------+----+-----------+-----+-----------+
    |ap_done_int                                |   9|          2|    1|          2|
    |ap_loop_exit_ready_pp0_iter2_reg           |   9|          2|    1|          2|
    |ap_phi_mux_out_pkt_data_phi_fu_496_p4      |   9|          2|   32|         64|
    |ap_phi_reg_pp0_iter1_out_pkt_data_reg_492  |   9|          2|   32|         64|
    |mix_out_TDATA_blk_n                        |   9|          2|    1|          2|
    |out_pkt_data_reg_492                       |   9|          2|   32|         64|
    |stream_in_0_TDATA_blk_n                    |   9|          2|    1|          2|
    |stream_in_1_TDATA_blk_n                    |   9|          2|    1|          2|
    |stream_in_2_TDATA_blk_n                    |   9|          2|    1|          2|
    |stream_in_3_TDATA_blk_n                    |   9|          2|    1|          2|
    |stream_in_4_TDATA_blk_n                    |   9|          2|    1|          2|
    |stream_in_5_TDATA_blk_n                    |   9|          2|    1|          2|
    |stream_in_6_TDATA_blk_n                    |   9|          2|    1|          2|
    |stream_in_7_TDATA_blk_n                    |   9|          2|    1|          2|
    +-------------------------------------------+----+-----------+-----+-----------+
    |Total                                      | 126|         28|  107|        214|
    +-------------------------------------------+----+-----------+-----+-----------+

    * Register: 
    +-------------------------------------------+----+----+-----+-----------+
    |                    Name                   | FF | LUT| Bits| Const Bits|
    +-------------------------------------------+----+----+-----+-----------+
    |ap_CS_fsm                                  |   1|   0|    1|          0|
    |ap_block_pp0_stage0_subdone_grp1_done_reg  |   1|   0|    1|          0|
    |ap_done_reg                                |   1|   0|    1|          0|
    |ap_enable_reg_pp0_iter1                    |   1|   0|    1|          0|
    |ap_enable_reg_pp0_iter2                    |   1|   0|    1|          0|
    |ap_loop_exit_ready_pp0_iter1_reg           |   1|   0|    1|          0|
    |ap_loop_exit_ready_pp0_iter2_reg           |   1|   0|    1|          0|
    |ap_phi_reg_pp0_iter1_out_pkt_data_reg_492  |  32|   0|   32|          0|
    |ap_phi_reg_pp0_iter2_out_pkt_data_reg_492  |  32|   0|   32|          0|
    |empty_32_reg_817_0                         |  32|   0|   32|          0|
    |empty_33_reg_822_0                         |  32|   0|   32|          0|
    |empty_34_reg_827_0                         |  32|   0|   32|          0|
    |icmp_ln65_reg_813                          |   1|   0|    1|          0|
    |mix_int_14_reg_842                         |  32|   0|   32|          0|
    |mix_int_8_reg_832                          |  32|   0|   32|          0|
    |or_ln69_6_reg_838                          |   1|   0|    1|          0|
    |or_ln69_6_reg_838_pp0_iter1_reg            |   1|   0|    1|          0|
    |out_pkt_data_reg_492                       |  32|   0|   32|          0|
    +-------------------------------------------+----+----+-----+-----------+
    |Total                                      | 266|   0|  266|          0|
    +-------------------------------------------+----+----+-----+-----------+



================================================================
== Interface
================================================================
* Summary: 
+-------------------------+-----+-----+------------+--------------------------------+--------------+
|        RTL Ports        | Dir | Bits|  Protocol  |          Source Object         |    C Type    |
+-------------------------+-----+-----+------------+--------------------------------+--------------+
|ap_clk                   |   in|    1|  ap_ctrl_hs|  mixer_Pipeline_VITIS_LOOP_30_1|  return value|
|ap_rst                   |   in|    1|  ap_ctrl_hs|  mixer_Pipeline_VITIS_LOOP_30_1|  return value|
|ap_start                 |   in|    1|  ap_ctrl_hs|  mixer_Pipeline_VITIS_LOOP_30_1|  return value|
|ap_done                  |  out|    1|  ap_ctrl_hs|  mixer_Pipeline_VITIS_LOOP_30_1|  return value|
|ap_idle                  |  out|    1|  ap_ctrl_hs|  mixer_Pipeline_VITIS_LOOP_30_1|  return value|
|ap_ready                 |  out|    1|  ap_ctrl_hs|  mixer_Pipeline_VITIS_LOOP_30_1|  return value|
|stream_in_0_TVALID       |   in|    1|        axis|            stream_in_0_V_data_V|       pointer|
|stream_in_0_TDATA        |   in|   32|        axis|            stream_in_0_V_data_V|       pointer|
|stream_in_1_TVALID       |   in|    1|        axis|            stream_in_1_V_data_V|       pointer|
|stream_in_1_TDATA        |   in|   32|        axis|            stream_in_1_V_data_V|       pointer|
|stream_in_2_TVALID       |   in|    1|        axis|            stream_in_2_V_data_V|       pointer|
|stream_in_2_TDATA        |   in|   32|        axis|            stream_in_2_V_data_V|       pointer|
|stream_in_3_TVALID       |   in|    1|        axis|            stream_in_3_V_data_V|       pointer|
|stream_in_3_TDATA        |   in|   32|        axis|            stream_in_3_V_data_V|       pointer|
|stream_in_4_TVALID       |   in|    1|        axis|            stream_in_4_V_data_V|       pointer|
|stream_in_4_TDATA        |   in|   32|        axis|            stream_in_4_V_data_V|       pointer|
|stream_in_5_TVALID       |   in|    1|        axis|            stream_in_5_V_data_V|       pointer|
|stream_in_5_TDATA        |   in|   32|        axis|            stream_in_5_V_data_V|       pointer|
|stream_in_6_TVALID       |   in|    1|        axis|            stream_in_6_V_data_V|       pointer|
|stream_in_6_TDATA        |   in|   32|        axis|            stream_in_6_V_data_V|       pointer|
|stream_in_7_TVALID       |   in|    1|        axis|            stream_in_7_V_data_V|       pointer|
|stream_in_7_TDATA        |   in|   32|        axis|            stream_in_7_V_data_V|       pointer|
|mix_out_TREADY           |   in|    1|        axis|                mix_out_V_data_V|       pointer|
|mix_out_TDATA            |  out|   32|        axis|                mix_out_V_data_V|       pointer|
|active_14                |   in|    4|     ap_none|                       active_14|        scalar|
|mix_out_TVALID           |  out|    1|        axis|                mix_out_V_dest_V|       pointer|
|mix_out_TDEST            |  out|    6|        axis|                mix_out_V_dest_V|       pointer|
|mix_out_TKEEP            |  out|    4|        axis|                mix_out_V_keep_V|       pointer|
|mix_out_TSTRB            |  out|    4|        axis|                mix_out_V_strb_V|       pointer|
|mix_out_TUSER            |  out|    2|        axis|                mix_out_V_user_V|       pointer|
|mix_out_TLAST            |  out|    1|        axis|                mix_out_V_last_V|       pointer|
|mix_out_TID              |  out|    5|        axis|                  mix_out_V_id_V|       pointer|
|stream_in_0_TREADY       |  out|    1|        axis|            stream_in_0_V_dest_V|       pointer|
|stream_in_0_TDEST        |   in|    6|        axis|            stream_in_0_V_dest_V|       pointer|
|stream_in_0_TKEEP        |   in|    4|        axis|            stream_in_0_V_keep_V|       pointer|
|stream_in_0_TSTRB        |   in|    4|        axis|            stream_in_0_V_strb_V|       pointer|
|stream_in_0_TUSER        |   in|    2|        axis|            stream_in_0_V_user_V|       pointer|
|stream_in_0_TLAST        |   in|    1|        axis|            stream_in_0_V_last_V|       pointer|
|stream_in_0_TID          |   in|    5|        axis|              stream_in_0_V_id_V|       pointer|
|stream_in_1_TREADY       |  out|    1|        axis|            stream_in_1_V_dest_V|       pointer|
|stream_in_1_TDEST        |   in|    6|        axis|            stream_in_1_V_dest_V|       pointer|
|stream_in_1_TKEEP        |   in|    4|        axis|            stream_in_1_V_keep_V|       pointer|
|stream_in_1_TSTRB        |   in|    4|        axis|            stream_in_1_V_strb_V|       pointer|
|stream_in_1_TUSER        |   in|    2|        axis|            stream_in_1_V_user_V|       pointer|
|stream_in_1_TLAST        |   in|    1|        axis|            stream_in_1_V_last_V|       pointer|
|stream_in_1_TID          |   in|    5|        axis|              stream_in_1_V_id_V|       pointer|
|stream_in_2_TREADY       |  out|    1|        axis|            stream_in_2_V_dest_V|       pointer|
|stream_in_2_TDEST        |   in|    6|        axis|            stream_in_2_V_dest_V|       pointer|
|stream_in_2_TKEEP        |   in|    4|        axis|            stream_in_2_V_keep_V|       pointer|
|stream_in_2_TSTRB        |   in|    4|        axis|            stream_in_2_V_strb_V|       pointer|
|stream_in_2_TUSER        |   in|    2|        axis|            stream_in_2_V_user_V|       pointer|
|stream_in_2_TLAST        |   in|    1|        axis|            stream_in_2_V_last_V|       pointer|
|stream_in_2_TID          |   in|    5|        axis|              stream_in_2_V_id_V|       pointer|
|stream_in_3_TREADY       |  out|    1|        axis|            stream_in_3_V_dest_V|       pointer|
|stream_in_3_TDEST        |   in|    6|        axis|            stream_in_3_V_dest_V|       pointer|
|stream_in_3_TKEEP        |   in|    4|        axis|            stream_in_3_V_keep_V|       pointer|
|stream_in_3_TSTRB        |   in|    4|        axis|            stream_in_3_V_strb_V|       pointer|
|stream_in_3_TUSER        |   in|    2|        axis|            stream_in_3_V_user_V|       pointer|
|stream_in_3_TLAST        |   in|    1|        axis|            stream_in_3_V_last_V|       pointer|
|stream_in_3_TID          |   in|    5|        axis|              stream_in_3_V_id_V|       pointer|
|stream_in_4_TREADY       |  out|    1|        axis|            stream_in_4_V_dest_V|       pointer|
|stream_in_4_TDEST        |   in|    6|        axis|            stream_in_4_V_dest_V|       pointer|
|stream_in_4_TKEEP        |   in|    4|        axis|            stream_in_4_V_keep_V|       pointer|
|stream_in_4_TSTRB        |   in|    4|        axis|            stream_in_4_V_strb_V|       pointer|
|stream_in_4_TUSER        |   in|    2|        axis|            stream_in_4_V_user_V|       pointer|
|stream_in_4_TLAST        |   in|    1|        axis|            stream_in_4_V_last_V|       pointer|
|stream_in_4_TID          |   in|    5|        axis|              stream_in_4_V_id_V|       pointer|
|stream_in_5_TREADY       |  out|    1|        axis|            stream_in_5_V_dest_V|       pointer|
|stream_in_5_TDEST        |   in|    6|        axis|            stream_in_5_V_dest_V|       pointer|
|stream_in_5_TKEEP        |   in|    4|        axis|            stream_in_5_V_keep_V|       pointer|
|stream_in_5_TSTRB        |   in|    4|        axis|            stream_in_5_V_strb_V|       pointer|
|stream_in_5_TUSER        |   in|    2|        axis|            stream_in_5_V_user_V|       pointer|
|stream_in_5_TLAST        |   in|    1|        axis|            stream_in_5_V_last_V|       pointer|
|stream_in_5_TID          |   in|    5|        axis|              stream_in_5_V_id_V|       pointer|
|stream_in_6_TREADY       |  out|    1|        axis|            stream_in_6_V_dest_V|       pointer|
|stream_in_6_TDEST        |   in|    6|        axis|            stream_in_6_V_dest_V|       pointer|
|stream_in_6_TKEEP        |   in|    4|        axis|            stream_in_6_V_keep_V|       pointer|
|stream_in_6_TSTRB        |   in|    4|        axis|            stream_in_6_V_strb_V|       pointer|
|stream_in_6_TUSER        |   in|    2|        axis|            stream_in_6_V_user_V|       pointer|
|stream_in_6_TLAST        |   in|    1|        axis|            stream_in_6_V_last_V|       pointer|
|stream_in_6_TID          |   in|    5|        axis|              stream_in_6_V_id_V|       pointer|
|stream_in_7_TREADY       |  out|    1|        axis|            stream_in_7_V_dest_V|       pointer|
|stream_in_7_TDEST        |   in|    6|        axis|            stream_in_7_V_dest_V|       pointer|
|stream_in_7_TKEEP        |   in|    4|        axis|            stream_in_7_V_keep_V|       pointer|
|stream_in_7_TSTRB        |   in|    4|        axis|            stream_in_7_V_strb_V|       pointer|
|stream_in_7_TUSER        |   in|    2|        axis|            stream_in_7_V_user_V|       pointer|
|stream_in_7_TLAST        |   in|    1|        axis|            stream_in_7_V_last_V|       pointer|
|stream_in_7_TID          |   in|    5|        axis|              stream_in_7_V_id_V|       pointer|
|empty_16                 |   in|    1|     ap_none|                        empty_16|        scalar|
|empty_17                 |   in|    1|     ap_none|                        empty_17|        scalar|
|empty_18                 |   in|    1|     ap_none|                        empty_18|        scalar|
|empty_19                 |   in|    1|     ap_none|                        empty_19|        scalar|
|empty_20                 |   in|    1|     ap_none|                        empty_20|        scalar|
|empty_21                 |   in|    1|     ap_none|                        empty_21|        scalar|
|empty_22                 |   in|    1|     ap_none|                        empty_22|        scalar|
|empty                    |   in|    1|     ap_none|                           empty|        scalar|
|out_pkt_data_out         |  out|   32|      ap_vld|                out_pkt_data_out|       pointer|
|out_pkt_data_out_ap_vld  |  out|    1|      ap_vld|                out_pkt_data_out|       pointer|
+-------------------------+-----+-----+------------+--------------------------------+--------------+

============================================================
+ Verbose Summary: Synthesis Manager
============================================================
InlineROM: 1
ExposeGlobal: 0
============================================================
+ Verbose Summary: CDFG Model
============================================================
IsTopModel: 0
ResetActiveHigh: 1
IsCombinational: 2
IsDatapathOnly: 2
HasWiredReturn: 1
HasMFsm: 2
HasVarLatency: 1
IsPipeline: 0
IsRtlPipelined: 0
IsInstanceOverlapped: 0
IsDontTouch: 0
HasImplIP: 0
IsGatedGlobalClock: 0

+ Individual pipeline summary: 
  * Pipeline-0: initiation interval (II) = 1, depth = 3


============================================================
+ Verbose Summary: Schedule
============================================================
* Number of FSM states : 3
* Pipeline : 1
  Pipeline-0 : II = 1, D = 3, States = { 1 2 3 }
* Dataflow Pipeline: 0

* FSM state transitions: 
1 --> 2 
2 --> 3 
3 --> 

* FSM state operations: 

State 1 <SV = 0> <Delay = 6.38>
ST_1 : Operation 6 [1/1] (0.00ns)   --->   "%specaxissidechannel_ln0 = specaxissidechannel void @_ssdm_op_SpecAXISSideChannel, i32 %mix_out_V_data_V, i4 %mix_out_V_keep_V, i4 %mix_out_V_strb_V, i2 %mix_out_V_user_V, i1 %mix_out_V_last_V, i5 %mix_out_V_id_V, i6 %mix_out_V_dest_V, void @empty_1"   --->   Operation 6 'specaxissidechannel' 'specaxissidechannel_ln0' <Predicate = true> <Delay = 0.00>
ST_1 : Operation 7 [1/1] (0.00ns)   --->   "%specaxissidechannel_ln0 = specaxissidechannel void @_ssdm_op_SpecAXISSideChannel, i32 %stream_in_7_V_data_V, i4 %stream_in_7_V_keep_V, i4 %stream_in_7_V_strb_V, i2 %stream_in_7_V_user_V, i1 %stream_in_7_V_last_V, i5 %stream_in_7_V_id_V, i6 %stream_in_7_V_dest_V, void @empty_8"   --->   Operation 7 'specaxissidechannel' 'specaxissidechannel_ln0' <Predicate = true> <Delay = 0.00>
ST_1 : Operation 8 [1/1] (0.00ns)   --->   "%specaxissidechannel_ln0 = specaxissidechannel void @_ssdm_op_SpecAXISSideChannel, i32 %stream_in_6_V_data_V, i4 %stream_in_6_V_keep_V, i4 %stream_in_6_V_strb_V, i2 %stream_in_6_V_user_V, i1 %stream_in_6_V_last_V, i5 %stream_in_6_V_id_V, i6 %stream_in_6_V_dest_V, void @empty_11"   --->   Operation 8 'specaxissidechannel' 'specaxissidechannel_ln0' <Predicate = true> <Delay = 0.00>
ST_1 : Operation 9 [1/1] (0.00ns)   --->   "%specaxissidechannel_ln0 = specaxissidechannel void @_ssdm_op_SpecAXISSideChannel, i32 %stream_in_5_V_data_V, i4 %stream_in_5_V_keep_V, i4 %stream_in_5_V_strb_V, i2 %stream_in_5_V_user_V, i1 %stream_in_5_V_last_V, i5 %stream_in_5_V_id_V, i6 %stream_in_5_V_dest_V, void @empty_12"   --->   Operation 9 'specaxissidechannel' 'specaxissidechannel_ln0' <Predicate = true> <Delay = 0.00>
ST_1 : Operation 10 [1/1] (0.00ns)   --->   "%specaxissidechannel_ln0 = specaxissidechannel void @_ssdm_op_SpecAXISSideChannel, i32 %stream_in_4_V_data_V, i4 %stream_in_4_V_keep_V, i4 %stream_in_4_V_strb_V, i2 %stream_in_4_V_user_V, i1 %stream_in_4_V_last_V, i5 %stream_in_4_V_id_V, i6 %stream_in_4_V_dest_V, void @empty_13"   --->   Operation 10 'specaxissidechannel' 'specaxissidechannel_ln0' <Predicate = true> <Delay = 0.00>
ST_1 : Operation 11 [1/1] (0.00ns)   --->   "%specaxissidechannel_ln0 = specaxissidechannel void @_ssdm_op_SpecAXISSideChannel, i32 %stream_in_3_V_data_V, i4 %stream_in_3_V_keep_V, i4 %stream_in_3_V_strb_V, i2 %stream_in_3_V_user_V, i1 %stream_in_3_V_last_V, i5 %stream_in_3_V_id_V, i6 %stream_in_3_V_dest_V, void @empty_14"   --->   Operation 11 'specaxissidechannel' 'specaxissidechannel_ln0' <Predicate = true> <Delay = 0.00>
ST_1 : Operation 12 [1/1] (0.00ns)   --->   "%specaxissidechannel_ln0 = specaxissidechannel void @_ssdm_op_SpecAXISSideChannel, i32 %stream_in_2_V_data_V, i4 %stream_in_2_V_keep_V, i4 %stream_in_2_V_strb_V, i2 %stream_in_2_V_user_V, i1 %stream_in_2_V_last_V, i5 %stream_in_2_V_id_V, i6 %stream_in_2_V_dest_V, void @empty_15"   --->   Operation 12 'specaxissidechannel' 'specaxissidechannel_ln0' <Predicate = true> <Delay = 0.00>
ST_1 : Operation 13 [1/1] (0.00ns)   --->   "%specaxissidechannel_ln0 = specaxissidechannel void @_ssdm_op_SpecAXISSideChannel, i32 %stream_in_1_V_data_V, i4 %stream_in_1_V_keep_V, i4 %stream_in_1_V_strb_V, i2 %stream_in_1_V_user_V, i1 %stream_in_1_V_last_V, i5 %stream_in_1_V_id_V, i6 %stream_in_1_V_dest_V, void @empty_7"   --->   Operation 13 'specaxissidechannel' 'specaxissidechannel_ln0' <Predicate = true> <Delay = 0.00>
ST_1 : Operation 14 [1/1] (0.00ns)   --->   "%specaxissidechannel_ln0 = specaxissidechannel void @_ssdm_op_SpecAXISSideChannel, i32 %stream_in_0_V_data_V, i4 %stream_in_0_V_keep_V, i4 %stream_in_0_V_strb_V, i2 %stream_in_0_V_user_V, i1 %stream_in_0_V_last_V, i5 %stream_in_0_V_id_V, i6 %stream_in_0_V_dest_V, void @empty_9"   --->   Operation 14 'specaxissidechannel' 'specaxissidechannel_ln0' <Predicate = true> <Delay = 0.00>
ST_1 : Operation 15 [1/1] (0.00ns)   --->   "%specinterface_ln0 = specinterface void @_ssdm_op_SpecInterface, i6 %mix_out_V_dest_V, i5 %mix_out_V_id_V, i1 %mix_out_V_last_V, i2 %mix_out_V_user_V, i4 %mix_out_V_strb_V, i4 %mix_out_V_keep_V, i32 %mix_out_V_data_V, void @empty_2, i32 0, i32 0, void @empty_3, i32 0, i32 0, void @empty_4, void @empty_4, void @empty_4, i32 0, i32 0, i32 0, i32 0, void @empty_4, void @empty_4, i32 4294967295, i32 0, i32 0, i32 0"   --->   Operation 15 'specinterface' 'specinterface_ln0' <Predicate = true> <Delay = 0.00>
ST_1 : Operation 16 [1/1] (0.00ns)   --->   "%specinterface_ln0 = specinterface void @_ssdm_op_SpecInterface, i6 %stream_in_7_V_dest_V, i5 %stream_in_7_V_id_V, i1 %stream_in_7_V_last_V, i2 %stream_in_7_V_user_V, i4 %stream_in_7_V_strb_V, i4 %stream_in_7_V_keep_V, i32 %stream_in_7_V_data_V, void @empty_2, i32 0, i32 0, void @empty_3, i32 0, i32 0, void @empty_4, void @empty_4, void @empty_4, i32 0, i32 0, i32 0, i32 0, void @empty_4, void @empty_4, i32 4294967295, i32 0, i32 0, i32 0"   --->   Operation 16 'specinterface' 'specinterface_ln0' <Predicate = true> <Delay = 0.00>
ST_1 : Operation 17 [1/1] (0.00ns)   --->   "%specinterface_ln0 = specinterface void @_ssdm_op_SpecInterface, i6 %stream_in_6_V_dest_V, i5 %stream_in_6_V_id_V, i1 %stream_in_6_V_last_V, i2 %stream_in_6_V_user_V, i4 %stream_in_6_V_strb_V, i4 %stream_in_6_V_keep_V, i32 %stream_in_6_V_data_V, void @empty_2, i32 0, i32 0, void @empty_3, i32 0, i32 0, void @empty_4, void @empty_4, void @empty_4, i32 0, i32 0, i32 0, i32 0, void @empty_4, void @empty_4, i32 4294967295, i32 0, i32 0, i32 0"   --->   Operation 17 'specinterface' 'specinterface_ln0' <Predicate = true> <Delay = 0.00>
ST_1 : Operation 18 [1/1] (0.00ns)   --->   "%specinterface_ln0 = specinterface void @_ssdm_op_SpecInterface, i6 %stream_in_5_V_dest_V, i5 %stream_in_5_V_id_V, i1 %stream_in_5_V_last_V, i2 %stream_in_5_V_user_V, i4 %stream_in_5_V_strb_V, i4 %stream_in_5_V_keep_V, i32 %stream_in_5_V_data_V, void @empty_2, i32 0, i32 0, void @empty_3, i32 0, i32 0, void @empty_4, void @empty_4, void @empty_4, i32 0, i32 0, i32 0, i32 0, void @empty_4, void @empty_4, i32 4294967295, i32 0, i32 0, i32 0"   --->   Operation 18 'specinterface' 'specinterface_ln0' <Predicate = true> <Delay = 0.00>
ST_1 : Operation 19 [1/1] (0.00ns)   --->   "%specinterface_ln0 = specinterface void @_ssdm_op_SpecInterface, i6 %stream_in_4_V_dest_V, i5 %stream_in_4_V_id_V, i1 %stream_in_4_V_last_V, i2 %stream_in_4_V_user_V, i4 %stream_in_4_V_strb_V, i4 %stream_in_4_V_keep_V, i32 %stream_in_4_V_data_V, void @empty_2, i32 0, i32 0, void @empty_3, i32 0, i32 0, void @empty_4, void @empty_4, void @empty_4, i32 0, i32 0, i32 0, i32 0, void @empty_4, void @empty_4, i32 4294967295, i32 0, i32 0, i32 0"   --->   Operation 19 'specinterface' 'specinterface_ln0' <Predicate = true> <Delay = 0.00>
ST_1 : Operation 20 [1/1] (0.00ns)   --->   "%specinterface_ln0 = specinterface void @_ssdm_op_SpecInterface, i6 %stream_in_3_V_dest_V, i5 %stream_in_3_V_id_V, i1 %stream_in_3_V_last_V, i2 %stream_in_3_V_user_V, i4 %stream_in_3_V_strb_V, i4 %stream_in_3_V_keep_V, i32 %stream_in_3_V_data_V, void @empty_2, i32 0, i32 0, void @empty_3, i32 0, i32 0, void @empty_4, void @empty_4, void @empty_4, i32 0, i32 0, i32 0, i32 0, void @empty_4, void @empty_4, i32 4294967295, i32 0, i32 0, i32 0"   --->   Operation 20 'specinterface' 'specinterface_ln0' <Predicate = true> <Delay = 0.00>
ST_1 : Operation 21 [1/1] (0.00ns)   --->   "%specinterface_ln0 = specinterface void @_ssdm_op_SpecInterface, i6 %stream_in_2_V_dest_V, i5 %stream_in_2_V_id_V, i1 %stream_in_2_V_last_V, i2 %stream_in_2_V_user_V, i4 %stream_in_2_V_strb_V, i4 %stream_in_2_V_keep_V, i32 %stream_in_2_V_data_V, void @empty_2, i32 0, i32 0, void @empty_3, i32 0, i32 0, void @empty_4, void @empty_4, void @empty_4, i32 0, i32 0, i32 0, i32 0, void @empty_4, void @empty_4, i32 4294967295, i32 0, i32 0, i32 0"   --->   Operation 21 'specinterface' 'specinterface_ln0' <Predicate = true> <Delay = 0.00>
ST_1 : Operation 22 [1/1] (0.00ns)   --->   "%specinterface_ln0 = specinterface void @_ssdm_op_SpecInterface, i6 %stream_in_1_V_dest_V, i5 %stream_in_1_V_id_V, i1 %stream_in_1_V_last_V, i2 %stream_in_1_V_user_V, i4 %stream_in_1_V_strb_V, i4 %stream_in_1_V_keep_V, i32 %stream_in_1_V_data_V, void @empty_2, i32 0, i32 0, void @empty_3, i32 0, i32 0, void @empty_4, void @empty_4, void @empty_4, i32 0, i32 0, i32 0, i32 0, void @empty_4, void @empty_4, i32 4294967295, i32 0, i32 0, i32 0"   --->   Operation 22 'specinterface' 'specinterface_ln0' <Predicate = true> <Delay = 0.00>
ST_1 : Operation 23 [1/1] (0.00ns)   --->   "%specinterface_ln0 = specinterface void @_ssdm_op_SpecInterface, i6 %stream_in_0_V_dest_V, i5 %stream_in_0_V_id_V, i1 %stream_in_0_V_last_V, i2 %stream_in_0_V_user_V, i4 %stream_in_0_V_strb_V, i4 %stream_in_0_V_keep_V, i32 %stream_in_0_V_data_V, void @empty_2, i32 0, i32 0, void @empty_3, i32 0, i32 0, void @empty_4, void @empty_4, void @empty_4, i32 0, i32 0, i32 0, i32 0, void @empty_4, void @empty_4, i32 4294967295, i32 0, i32 0, i32 0"   --->   Operation 23 'specinterface' 'specinterface_ln0' <Predicate = true> <Delay = 0.00>
ST_1 : Operation 24 [1/1] (0.00ns)   --->   "%tmp = read i1 @_ssdm_op_Read.ap_auto.i1, i1 %empty"   --->   Operation 24 'read' 'tmp' <Predicate = true> <Delay = 0.00>
ST_1 : Operation 25 [1/1] (0.00ns)   --->   "%tmp_1 = read i1 @_ssdm_op_Read.ap_auto.i1, i1 %empty_22"   --->   Operation 25 'read' 'tmp_1' <Predicate = true> <Delay = 0.00>
ST_1 : Operation 26 [1/1] (0.00ns)   --->   "%tmp_2 = read i1 @_ssdm_op_Read.ap_auto.i1, i1 %empty_21"   --->   Operation 26 'read' 'tmp_2' <Predicate = true> <Delay = 0.00>
ST_1 : Operation 27 [1/1] (0.00ns)   --->   "%tmp_3 = read i1 @_ssdm_op_Read.ap_auto.i1, i1 %empty_20"   --->   Operation 27 'read' 'tmp_3' <Predicate = true> <Delay = 0.00>
ST_1 : Operation 28 [1/1] (0.00ns)   --->   "%tmp_4 = read i1 @_ssdm_op_Read.ap_auto.i1, i1 %empty_19"   --->   Operation 28 'read' 'tmp_4' <Predicate = true> <Delay = 0.00>
ST_1 : Operation 29 [1/1] (0.00ns)   --->   "%tmp_5 = read i1 @_ssdm_op_Read.ap_auto.i1, i1 %empty_18"   --->   Operation 29 'read' 'tmp_5' <Predicate = true> <Delay = 0.00>
ST_1 : Operation 30 [1/1] (0.00ns)   --->   "%tmp_6 = read i1 @_ssdm_op_Read.ap_auto.i1, i1 %empty_17"   --->   Operation 30 'read' 'tmp_6' <Predicate = true> <Delay = 0.00>
ST_1 : Operation 31 [1/1] (0.00ns)   --->   "%tmp_7 = read i1 @_ssdm_op_Read.ap_auto.i1, i1 %empty_16"   --->   Operation 31 'read' 'tmp_7' <Predicate = true> <Delay = 0.00>
ST_1 : Operation 32 [1/1] (0.00ns)   --->   "%active_14_read = read i4 @_ssdm_op_Read.ap_auto.i4, i4 %active_14"   --->   Operation 32 'read' 'active_14_read' <Predicate = true> <Delay = 0.00>
ST_1 : Operation 33 [1/1] (0.79ns)   --->   "%icmp_ln65 = icmp_eq  i4 %active_14_read, i4 0" [hw_mixer.cpp:65]   --->   Operation 33 'icmp' 'icmp_ln65' <Predicate = true> <Delay = 0.79> <CoreInst = "Cmp">   --->   Core 9 'Cmp' <Latency = 0> <II = 1> <Delay = 0.79> <FuncUnit> <Opcode : 'seteq' 'setne' 'setle' 'setge' 'setlt' 'setgt'> <InPorts = 2> <OutPorts = 1>
ST_1 : Operation 34 [1/1] (0.00ns)   --->   "%br_ln30 = br void %while.body" [hw_mixer.cpp:30]   --->   Operation 34 'br' 'br_ln30' <Predicate = true> <Delay = 0.00>
ST_1 : Operation 35 [1/1] ( I:0.07ns O:0.07ns )   --->   "%empty_27 = read i54 @_ssdm_op_Read.axis.volatile.i32P0A.i4P0A.i4P0A.i2P0A.i1P0A.i5P0A.i6P0A, i32 %stream_in_0_V_data_V, i4 %stream_in_0_V_keep_V, i4 %stream_in_0_V_strb_V, i2 %stream_in_0_V_user_V, i1 %stream_in_0_V_last_V, i5 %stream_in_0_V_id_V, i6 %stream_in_0_V_dest_V" [hw_mixer.cpp:41]   --->   Operation 35 'read' 'empty_27' <Predicate = true> <Delay = 0.07> <CoreInst = "regslice">   --->   Core 147 'regslice' <Latency = 0> <II = 1> <Delay = 0.65> <Adapter> <Opcode : 'read' 'write'>
ST_1 : Operation 36 [1/1] (0.00ns) (grouped into LUT with out node mix_int)   --->   "%s0_data = extractvalue i54 %empty_27" [hw_mixer.cpp:41]   --->   Operation 36 'extractvalue' 's0_data' <Predicate = (tmp_7)> <Delay = 0.00>
ST_1 : Operation 37 [1/1] (0.00ns)   --->   "%s0_last = extractvalue i54 %empty_27" [hw_mixer.cpp:41]   --->   Operation 37 'extractvalue' 's0_last' <Predicate = true> <Delay = 0.00>
ST_1 : Operation 38 [1/1] ( I:0.07ns O:0.07ns )   --->   "%empty_28 = read i54 @_ssdm_op_Read.axis.volatile.i32P0A.i4P0A.i4P0A.i2P0A.i1P0A.i5P0A.i6P0A, i32 %stream_in_1_V_data_V, i4 %stream_in_1_V_keep_V, i4 %stream_in_1_V_strb_V, i2 %stream_in_1_V_user_V, i1 %stream_in_1_V_last_V, i5 %stream_in_1_V_id_V, i6 %stream_in_1_V_dest_V" [hw_mixer.cpp:42]   --->   Operation 38 'read' 'empty_28' <Predicate = true> <Delay = 0.07> <CoreInst = "regslice">   --->   Core 147 'regslice' <Latency = 0> <II = 1> <Delay = 0.65> <Adapter> <Opcode : 'read' 'write'>
ST_1 : Operation 39 [1/1] (0.00ns) (grouped into LUT with out node mix_int_1)   --->   "%s1_data = extractvalue i54 %empty_28" [hw_mixer.cpp:42]   --->   Operation 39 'extractvalue' 's1_data' <Predicate = (tmp_6)> <Delay = 0.00>
ST_1 : Operation 40 [1/1] (0.00ns)   --->   "%s1_last = extractvalue i54 %empty_28" [hw_mixer.cpp:42]   --->   Operation 40 'extractvalue' 's1_last' <Predicate = true> <Delay = 0.00>
ST_1 : Operation 41 [1/1] ( I:0.07ns O:0.07ns )   --->   "%empty_29 = read i54 @_ssdm_op_Read.axis.volatile.i32P0A.i4P0A.i4P0A.i2P0A.i1P0A.i5P0A.i6P0A, i32 %stream_in_2_V_data_V, i4 %stream_in_2_V_keep_V, i4 %stream_in_2_V_strb_V, i2 %stream_in_2_V_user_V, i1 %stream_in_2_V_last_V, i5 %stream_in_2_V_id_V, i6 %stream_in_2_V_dest_V" [hw_mixer.cpp:43]   --->   Operation 41 'read' 'empty_29' <Predicate = true> <Delay = 0.07> <CoreInst = "regslice">   --->   Core 147 'regslice' <Latency = 0> <II = 1> <Delay = 0.65> <Adapter> <Opcode : 'read' 'write'>
ST_1 : Operation 42 [1/1] (0.00ns) (grouped into LUT with out node mix_int_3)   --->   "%s2_data = extractvalue i54 %empty_29" [hw_mixer.cpp:43]   --->   Operation 42 'extractvalue' 's2_data' <Predicate = (tmp_5)> <Delay = 0.00>
ST_1 : Operation 43 [1/1] (0.00ns)   --->   "%s2_last = extractvalue i54 %empty_29" [hw_mixer.cpp:43]   --->   Operation 43 'extractvalue' 's2_last' <Predicate = true> <Delay = 0.00>
ST_1 : Operation 44 [1/1] ( I:0.07ns O:0.07ns )   --->   "%empty_30 = read i54 @_ssdm_op_Read.axis.volatile.i32P0A.i4P0A.i4P0A.i2P0A.i1P0A.i5P0A.i6P0A, i32 %stream_in_3_V_data_V, i4 %stream_in_3_V_keep_V, i4 %stream_in_3_V_strb_V, i2 %stream_in_3_V_user_V, i1 %stream_in_3_V_last_V, i5 %stream_in_3_V_id_V, i6 %stream_in_3_V_dest_V" [hw_mixer.cpp:44]   --->   Operation 44 'read' 'empty_30' <Predicate = true> <Delay = 0.07> <CoreInst = "regslice">   --->   Core 147 'regslice' <Latency = 0> <II = 1> <Delay = 0.65> <Adapter> <Opcode : 'read' 'write'>
ST_1 : Operation 45 [1/1] (0.00ns) (grouped into LUT with out node mix_int_5)   --->   "%s3_data = extractvalue i54 %empty_30" [hw_mixer.cpp:44]   --->   Operation 45 'extractvalue' 's3_data' <Predicate = (tmp_4)> <Delay = 0.00>
ST_1 : Operation 46 [1/1] (0.00ns)   --->   "%s3_last = extractvalue i54 %empty_30" [hw_mixer.cpp:44]   --->   Operation 46 'extractvalue' 's3_last' <Predicate = true> <Delay = 0.00>
ST_1 : Operation 47 [1/1] ( I:0.07ns O:0.07ns )   --->   "%empty_31 = read i54 @_ssdm_op_Read.axis.volatile.i32P0A.i4P0A.i4P0A.i2P0A.i1P0A.i5P0A.i6P0A, i32 %stream_in_4_V_data_V, i4 %stream_in_4_V_keep_V, i4 %stream_in_4_V_strb_V, i2 %stream_in_4_V_user_V, i1 %stream_in_4_V_last_V, i5 %stream_in_4_V_id_V, i6 %stream_in_4_V_dest_V" [hw_mixer.cpp:45]   --->   Operation 47 'read' 'empty_31' <Predicate = true> <Delay = 0.07> <CoreInst = "regslice">   --->   Core 147 'regslice' <Latency = 0> <II = 1> <Delay = 0.65> <Adapter> <Opcode : 'read' 'write'>
ST_1 : Operation 48 [1/1] (0.00ns) (grouped into LUT with out node mix_int_7)   --->   "%s4_data = extractvalue i54 %empty_31" [hw_mixer.cpp:45]   --->   Operation 48 'extractvalue' 's4_data' <Predicate = (tmp_3)> <Delay = 0.00>
ST_1 : Operation 49 [1/1] (0.00ns)   --->   "%s4_last = extractvalue i54 %empty_31" [hw_mixer.cpp:45]   --->   Operation 49 'extractvalue' 's4_last' <Predicate = true> <Delay = 0.00>
ST_1 : Operation 50 [1/1] ( I:0.07ns O:0.07ns )   --->   "%empty_32 = read i54 @_ssdm_op_Read.axis.volatile.i32P0A.i4P0A.i4P0A.i2P0A.i1P0A.i5P0A.i6P0A, i32 %stream_in_5_V_data_V, i4 %stream_in_5_V_keep_V, i4 %stream_in_5_V_strb_V, i2 %stream_in_5_V_user_V, i1 %stream_in_5_V_last_V, i5 %stream_in_5_V_id_V, i6 %stream_in_5_V_dest_V" [hw_mixer.cpp:46]   --->   Operation 50 'read' 'empty_32' <Predicate = true> <Delay = 0.07> <CoreInst = "regslice">   --->   Core 147 'regslice' <Latency = 0> <II = 1> <Delay = 0.65> <Adapter> <Opcode : 'read' 'write'>
ST_1 : Operation 51 [1/1] (0.00ns)   --->   "%s5_last = extractvalue i54 %empty_32" [hw_mixer.cpp:46]   --->   Operation 51 'extractvalue' 's5_last' <Predicate = true> <Delay = 0.00>
ST_1 : Operation 52 [1/1] ( I:0.07ns O:0.07ns )   --->   "%empty_33 = read i54 @_ssdm_op_Read.axis.volatile.i32P0A.i4P0A.i4P0A.i2P0A.i1P0A.i5P0A.i6P0A, i32 %stream_in_6_V_data_V, i4 %stream_in_6_V_keep_V, i4 %stream_in_6_V_strb_V, i2 %stream_in_6_V_user_V, i1 %stream_in_6_V_last_V, i5 %stream_in_6_V_id_V, i6 %stream_in_6_V_dest_V" [hw_mixer.cpp:47]   --->   Operation 52 'read' 'empty_33' <Predicate = true> <Delay = 0.07> <CoreInst = "regslice">   --->   Core 147 'regslice' <Latency = 0> <II = 1> <Delay = 0.65> <Adapter> <Opcode : 'read' 'write'>
ST_1 : Operation 53 [1/1] (0.00ns)   --->   "%s6_last = extractvalue i54 %empty_33" [hw_mixer.cpp:47]   --->   Operation 53 'extractvalue' 's6_last' <Predicate = true> <Delay = 0.00>
ST_1 : Operation 54 [1/1] ( I:0.07ns O:0.07ns )   --->   "%empty_34 = read i54 @_ssdm_op_Read.axis.volatile.i32P0A.i4P0A.i4P0A.i2P0A.i1P0A.i5P0A.i6P0A, i32 %stream_in_7_V_data_V, i4 %stream_in_7_V_keep_V, i4 %stream_in_7_V_strb_V, i2 %stream_in_7_V_user_V, i1 %stream_in_7_V_last_V, i5 %stream_in_7_V_id_V, i6 %stream_in_7_V_dest_V" [hw_mixer.cpp:48]   --->   Operation 54 'read' 'empty_34' <Predicate = true> <Delay = 0.07> <CoreInst = "regslice">   --->   Core 147 'regslice' <Latency = 0> <II = 1> <Delay = 0.65> <Adapter> <Opcode : 'read' 'write'>
ST_1 : Operation 55 [1/1] (0.00ns)   --->   "%s7_last = extractvalue i54 %empty_34" [hw_mixer.cpp:48]   --->   Operation 55 'extractvalue' 's7_last' <Predicate = true> <Delay = 0.00>
ST_1 : Operation 56 [1/1] (0.44ns) (out node of the LUT)   --->   "%mix_int = select i1 %tmp_7, i32 %s0_data, i32 0" [hw_mixer.cpp:54]   --->   Operation 56 'select' 'mix_int' <Predicate = true> <Delay = 0.44> <CoreInst = "Sel">   --->   Core 73 'Sel' <Latency = 0> <II = 1> <Delay = 0.44> <FuncUnit> <Opcode : 'select'> <InPorts = 3> <OutPorts = 1>
ST_1 : Operation 57 [1/1] (1.01ns) (out node of the LUT)   --->   "%mix_int_1 = add i32 %s1_data, i32 %mix_int" [hw_mixer.cpp:55]   --->   Operation 57 'add' 'mix_int_1' <Predicate = (tmp_6)> <Delay = 1.01> <CoreInst = "Adder">   --->   Core 1 'Adder' <Latency = 0> <II = 1> <Delay = 1.01> <FuncUnit> <Opcode : 'add' 'sub'> <InPorts = 2> <OutPorts = 1>
ST_1 : Operation 58 [1/1] (0.44ns)   --->   "%mix_int_2 = select i1 %tmp_6, i32 %mix_int_1, i32 %mix_int" [hw_mixer.cpp:55]   --->   Operation 58 'select' 'mix_int_2' <Predicate = true> <Delay = 0.44> <CoreInst = "Sel">   --->   Core 73 'Sel' <Latency = 0> <II = 1> <Delay = 0.44> <FuncUnit> <Opcode : 'select'> <InPorts = 3> <OutPorts = 1>
ST_1 : Operation 59 [1/1] (1.01ns) (out node of the LUT)   --->   "%mix_int_3 = add i32 %s2_data, i32 %mix_int_2" [hw_mixer.cpp:56]   --->   Operation 59 'add' 'mix_int_3' <Predicate = (tmp_5)> <Delay = 1.01> <CoreInst = "Adder">   --->   Core 1 'Adder' <Latency = 0> <II = 1> <Delay = 1.01> <FuncUnit> <Opcode : 'add' 'sub'> <InPorts = 2> <OutPorts = 1>
ST_1 : Operation 60 [1/1] (0.44ns)   --->   "%mix_int_4 = select i1 %tmp_5, i32 %mix_int_3, i32 %mix_int_2" [hw_mixer.cpp:56]   --->   Operation 60 'select' 'mix_int_4' <Predicate = true> <Delay = 0.44> <CoreInst = "Sel">   --->   Core 73 'Sel' <Latency = 0> <II = 1> <Delay = 0.44> <FuncUnit> <Opcode : 'select'> <InPorts = 3> <OutPorts = 1>
ST_1 : Operation 61 [1/1] (1.01ns) (out node of the LUT)   --->   "%mix_int_5 = add i32 %s3_data, i32 %mix_int_4" [hw_mixer.cpp:57]   --->   Operation 61 'add' 'mix_int_5' <Predicate = (tmp_4)> <Delay = 1.01> <CoreInst = "Adder">   --->   Core 1 'Adder' <Latency = 0> <II = 1> <Delay = 1.01> <FuncUnit> <Opcode : 'add' 'sub'> <InPorts = 2> <OutPorts = 1>
ST_1 : Operation 62 [1/1] (0.44ns)   --->   "%mix_int_6 = select i1 %tmp_4, i32 %mix_int_5, i32 %mix_int_4" [hw_mixer.cpp:57]   --->   Operation 62 'select' 'mix_int_6' <Predicate = true> <Delay = 0.44> <CoreInst = "Sel">   --->   Core 73 'Sel' <Latency = 0> <II = 1> <Delay = 0.44> <FuncUnit> <Opcode : 'select'> <InPorts = 3> <OutPorts = 1>
ST_1 : Operation 63 [1/1] (1.01ns) (out node of the LUT)   --->   "%mix_int_7 = add i32 %s4_data, i32 %mix_int_6" [hw_mixer.cpp:58]   --->   Operation 63 'add' 'mix_int_7' <Predicate = (tmp_3)> <Delay = 1.01> <CoreInst = "Adder">   --->   Core 1 'Adder' <Latency = 0> <II = 1> <Delay = 1.01> <FuncUnit> <Opcode : 'add' 'sub'> <InPorts = 2> <OutPorts = 1>
ST_1 : Operation 64 [1/1] (0.44ns)   --->   "%mix_int_8 = select i1 %tmp_3, i32 %mix_int_7, i32 %mix_int_6" [hw_mixer.cpp:58]   --->   Operation 64 'select' 'mix_int_8' <Predicate = true> <Delay = 0.44> <CoreInst = "Sel">   --->   Core 73 'Sel' <Latency = 0> <II = 1> <Delay = 0.44> <FuncUnit> <Opcode : 'select'> <InPorts = 3> <OutPorts = 1>
ST_1 : Operation 65 [1/1] (0.42ns)   --->   "%br_ln65 = br i1 %icmp_ln65, void %cond.true, void %cond.end" [hw_mixer.cpp:65]   --->   Operation 65 'br' 'br_ln65' <Predicate = true> <Delay = 0.42>
ST_1 : Operation 66 [1/1] (0.00ns) (grouped into LUT with out node or_ln69_2)   --->   "%or_ln69 = or i1 %s7_last, i1 %s6_last" [hw_mixer.cpp:69]   --->   Operation 66 'or' 'or_ln69' <Predicate = true> <Delay = 0.00> <CoreInst = "LogicGate">   --->   Core 74 'LogicGate' <Latency = 0> <II = 1> <Delay = 0.28> <FuncUnit> <Opcode : 'and' 'or' 'xor'> <InPorts = 2> <OutPorts = 1>
ST_1 : Operation 67 [1/1] (0.00ns) (grouped into LUT with out node or_ln69_2)   --->   "%or_ln69_1 = or i1 %s4_last, i1 %s5_last" [hw_mixer.cpp:69]   --->   Operation 67 'or' 'or_ln69_1' <Predicate = true> <Delay = 0.00> <CoreInst = "LogicGate">   --->   Core 74 'LogicGate' <Latency = 0> <II = 1> <Delay = 0.28> <FuncUnit> <Opcode : 'and' 'or' 'xor'> <InPorts = 2> <OutPorts = 1>
ST_1 : Operation 68 [1/1] (0.28ns) (out node of the LUT)   --->   "%or_ln69_2 = or i1 %or_ln69_1, i1 %or_ln69" [hw_mixer.cpp:69]   --->   Operation 68 'or' 'or_ln69_2' <Predicate = true> <Delay = 0.28> <CoreInst = "LogicGate">   --->   Core 74 'LogicGate' <Latency = 0> <II = 1> <Delay = 0.28> <FuncUnit> <Opcode : 'and' 'or' 'xor'> <InPorts = 2> <OutPorts = 1>
ST_1 : Operation 69 [1/1] (0.00ns) (grouped into LUT with out node or_ln69_6)   --->   "%or_ln69_3 = or i1 %s1_last, i1 %s0_last" [hw_mixer.cpp:69]   --->   Operation 69 'or' 'or_ln69_3' <Predicate = true> <Delay = 0.00> <CoreInst = "LogicGate">   --->   Core 74 'LogicGate' <Latency = 0> <II = 1> <Delay = 0.28> <FuncUnit> <Opcode : 'and' 'or' 'xor'> <InPorts = 2> <OutPorts = 1>
ST_1 : Operation 70 [1/1] (0.00ns) (grouped into LUT with out node or_ln69_6)   --->   "%or_ln69_4 = or i1 %s2_last, i1 %s3_last" [hw_mixer.cpp:69]   --->   Operation 70 'or' 'or_ln69_4' <Predicate = true> <Delay = 0.00> <CoreInst = "LogicGate">   --->   Core 74 'LogicGate' <Latency = 0> <II = 1> <Delay = 0.28> <FuncUnit> <Opcode : 'and' 'or' 'xor'> <InPorts = 2> <OutPorts = 1>
ST_1 : Operation 71 [1/1] (0.00ns) (grouped into LUT with out node or_ln69_6)   --->   "%or_ln69_5 = or i1 %or_ln69_4, i1 %or_ln69_3" [hw_mixer.cpp:69]   --->   Operation 71 'or' 'or_ln69_5' <Predicate = true> <Delay = 0.00> <CoreInst = "LogicGate">   --->   Core 74 'LogicGate' <Latency = 0> <II = 1> <Delay = 0.28> <FuncUnit> <Opcode : 'and' 'or' 'xor'> <InPorts = 2> <OutPorts = 1>
ST_1 : Operation 72 [1/1] (0.28ns) (out node of the LUT)   --->   "%or_ln69_6 = or i1 %or_ln69_5, i1 %or_ln69_2" [hw_mixer.cpp:69]   --->   Operation 72 'or' 'or_ln69_6' <Predicate = true> <Delay = 0.28> <CoreInst = "LogicGate">   --->   Core 74 'LogicGate' <Latency = 0> <II = 1> <Delay = 0.28> <FuncUnit> <Opcode : 'and' 'or' 'xor'> <InPorts = 2> <OutPorts = 1>
ST_1 : Operation 73 [1/1] (0.00ns)   --->   "%br_ln69 = br i1 %or_ln69_6, void %if.end90, void %if.then87.exitStub" [hw_mixer.cpp:69]   --->   Operation 73 'br' 'br_ln69' <Predicate = true> <Delay = 0.00>

State 2 <SV = 1> <Delay = 4.39>
ST_2 : Operation 74 [1/1] (0.00ns)   --->   "%specpipeline_ln41 = specpipeline void @_ssdm_op_SpecPipeline, i32 4294967295, i32 0, i32 0, i32 0, i32 4294967295, void @empty_4" [hw_mixer.cpp:41]   --->   Operation 74 'specpipeline' 'specpipeline_ln41' <Predicate = true> <Delay = 0.00>
ST_2 : Operation 75 [1/1] (0.00ns)   --->   "%speclooptripcount_ln31 = speclooptripcount void @_ssdm_op_SpecLoopTripCount, i64 200, i64 20000, i64 10000" [hw_mixer.cpp:31]   --->   Operation 75 'speclooptripcount' 'speclooptripcount_ln31' <Predicate = true> <Delay = 0.00>
ST_2 : Operation 76 [1/1] (0.00ns)   --->   "%specloopname_ln30 = specloopname void @_ssdm_op_SpecLoopName, void @empty_10" [hw_mixer.cpp:30]   --->   Operation 76 'specloopname' 'specloopname_ln30' <Predicate = true> <Delay = 0.00>
ST_2 : Operation 77 [1/1] (0.00ns) (grouped into LUT with out node mix_int_9)   --->   "%s5_data = extractvalue i54 %empty_32" [hw_mixer.cpp:46]   --->   Operation 77 'extractvalue' 's5_data' <Predicate = (tmp_2)> <Delay = 0.00>
ST_2 : Operation 78 [1/1] (0.00ns) (grouped into LUT with out node mix_int_11)   --->   "%s6_data = extractvalue i54 %empty_33" [hw_mixer.cpp:47]   --->   Operation 78 'extractvalue' 's6_data' <Predicate = (tmp_1)> <Delay = 0.00>
ST_2 : Operation 79 [1/1] (0.00ns) (grouped into LUT with out node mix_int_13)   --->   "%s7_data = extractvalue i54 %empty_34" [hw_mixer.cpp:48]   --->   Operation 79 'extractvalue' 's7_data' <Predicate = (tmp)> <Delay = 0.00>
ST_2 : Operation 80 [1/1] (1.01ns) (out node of the LUT)   --->   "%mix_int_9 = add i32 %s5_data, i32 %mix_int_8" [hw_mixer.cpp:59]   --->   Operation 80 'add' 'mix_int_9' <Predicate = (tmp_2)> <Delay = 1.01> <CoreInst = "Adder">   --->   Core 1 'Adder' <Latency = 0> <II = 1> <Delay = 1.01> <FuncUnit> <Opcode : 'add' 'sub'> <InPorts = 2> <OutPorts = 1>
ST_2 : Operation 81 [1/1] (0.44ns)   --->   "%mix_int_10 = select i1 %tmp_2, i32 %mix_int_9, i32 %mix_int_8" [hw_mixer.cpp:59]   --->   Operation 81 'select' 'mix_int_10' <Predicate = true> <Delay = 0.44> <CoreInst = "Sel">   --->   Core 73 'Sel' <Latency = 0> <II = 1> <Delay = 0.44> <FuncUnit> <Opcode : 'select'> <InPorts = 3> <OutPorts = 1>
ST_2 : Operation 82 [1/1] (1.01ns) (out node of the LUT)   --->   "%mix_int_11 = add i32 %s6_data, i32 %mix_int_10" [hw_mixer.cpp:60]   --->   Operation 82 'add' 'mix_int_11' <Predicate = (tmp_1)> <Delay = 1.01> <CoreInst = "Adder">   --->   Core 1 'Adder' <Latency = 0> <II = 1> <Delay = 1.01> <FuncUnit> <Opcode : 'add' 'sub'> <InPorts = 2> <OutPorts = 1>
ST_2 : Operation 83 [1/1] (0.44ns)   --->   "%mix_int_12 = select i1 %tmp_1, i32 %mix_int_11, i32 %mix_int_10" [hw_mixer.cpp:60]   --->   Operation 83 'select' 'mix_int_12' <Predicate = true> <Delay = 0.44> <CoreInst = "Sel">   --->   Core 73 'Sel' <Latency = 0> <II = 1> <Delay = 0.44> <FuncUnit> <Opcode : 'select'> <InPorts = 3> <OutPorts = 1>
ST_2 : Operation 84 [1/1] (1.01ns) (out node of the LUT)   --->   "%mix_int_13 = add i32 %s7_data, i32 %mix_int_12" [hw_mixer.cpp:61]   --->   Operation 84 'add' 'mix_int_13' <Predicate = (tmp)> <Delay = 1.01> <CoreInst = "Adder">   --->   Core 1 'Adder' <Latency = 0> <II = 1> <Delay = 1.01> <FuncUnit> <Opcode : 'add' 'sub'> <InPorts = 2> <OutPorts = 1>
ST_2 : Operation 85 [1/1] (0.44ns)   --->   "%mix_int_14 = select i1 %tmp, i32 %mix_int_13, i32 %mix_int_12" [hw_mixer.cpp:61]   --->   Operation 85 'select' 'mix_int_14' <Predicate = true> <Delay = 0.44> <CoreInst = "Sel">   --->   Core 73 'Sel' <Latency = 0> <II = 1> <Delay = 0.44> <FuncUnit> <Opcode : 'select'> <InPorts = 3> <OutPorts = 1>
ST_2 : Operation 86 [1/1] (0.42ns)   --->   "%br_ln65 = br void %cond.end" [hw_mixer.cpp:65]   --->   Operation 86 'br' 'br_ln65' <Predicate = (!icmp_ln65)> <Delay = 0.42>

State 3 <SV = 2> <Delay = 4.63>
ST_3 : Operation 87 [1/1] (0.00ns)   --->   "%sext_ln65 = sext i32 %mix_int_14" [hw_mixer.cpp:65]   --->   Operation 87 'sext' 'sext_ln65' <Predicate = (!icmp_ln65)> <Delay = 0.00>
ST_3 : Operation 88 [1/1] (0.72ns)   --->   "%zext_ln65_cast = sparsemux i9 @_ssdm_op_SparseMux.ap_auto.8i9.i9.i4, i4 1, i9 256, i4 2, i9 181, i4 3, i9 148, i4 4, i9 128, i4 5, i9 114, i4 6, i9 105, i4 7, i9 97, i4 8, i9 91, i9 0, i4 %active_14_read" [hw_mixer.cpp:65]   --->   Operation 88 'sparsemux' 'zext_ln65_cast' <Predicate = (!icmp_ln65)> <Delay = 0.72> <CoreInst = "BinarySparseMux_DontCare">   --->   Core 149 'BinarySparseMux_DontCare' <Latency = 0> <II = 1> <Delay = 0.72> <FuncUnit> <Opcode : 'sparsemux'> <InPorts = 2> <OutPorts = 1>
ST_3 : Operation 89 [1/1] (0.00ns)   --->   "%zext_ln65 = zext i9 %zext_ln65_cast" [hw_mixer.cpp:65]   --->   Operation 89 'zext' 'zext_ln65' <Predicate = (!icmp_ln65)> <Delay = 0.00>
ST_3 : Operation 90 [1/1] (3.42ns)   --->   "%mul_ln65 = mul i40 %zext_ln65, i40 %sext_ln65" [hw_mixer.cpp:65]   --->   Operation 90 'mul' 'mul_ln65' <Predicate = (!icmp_ln65)> <Delay = 3.42> <CoreInst = "Multiplier">   --->   Core 3 'Multiplier' <Latency = 0> <II = 1> <Delay = 3.42> <FuncUnit> <Opcode : 'mul'> <InPorts = 2> <OutPorts = 1>
ST_3 : Operation 91 [1/1] (0.00ns)   --->   "%trunc_ln = partselect i32 @_ssdm_op_PartSelect.i32.i40.i32.i32, i40 %mul_ln65, i32 8, i32 39" [hw_mixer.cpp:65]   --->   Operation 91 'partselect' 'trunc_ln' <Predicate = (!icmp_ln65)> <Delay = 0.00>
ST_3 : Operation 92 [1/1] (0.00ns)   --->   "%out_pkt_data = phi i32 %trunc_ln, void %cond.true, i32 0, void %while.body" [hw_mixer.cpp:65]   --->   Operation 92 'phi' 'out_pkt_data' <Predicate = true> <Delay = 0.00>
ST_3 : Operation 93 [1/1] ( I:0.49ns O:0.49ns )   --->   "%write_ln74 = write void @_ssdm_op_Write.axis.volatile.i32P0A.i4P0A.i4P0A.i2P0A.i1P0A.i5P0A.i6P0A, i32 %mix_out_V_data_V, i4 %mix_out_V_keep_V, i4 %mix_out_V_strb_V, i2 %mix_out_V_user_V, i1 %mix_out_V_last_V, i5 %mix_out_V_id_V, i6 %mix_out_V_dest_V, i32 %out_pkt_data, i4 15, i4 15, i2 0, i1 0, i5 0, i6 0" [hw_mixer.cpp:74]   --->   Operation 93 'write' 'write_ln74' <Predicate = (!or_ln69_6)> <Delay = 0.49> <CoreInst = "regslice">   --->   Core 147 'regslice' <Latency = 0> <II = 1> <Delay = 0.65> <Adapter> <Opcode : 'read' 'write'>
ST_3 : Operation 94 [1/1] (0.00ns)   --->   "%br_ln30 = br void %while.body" [hw_mixer.cpp:30]   --->   Operation 94 'br' 'br_ln30' <Predicate = (!or_ln69_6)> <Delay = 0.00>
ST_3 : Operation 95 [1/1] (0.00ns)   --->   "%write_ln65 = write void @_ssdm_op_Write.ap_auto.i32P0A, i32 %out_pkt_data_out, i32 %out_pkt_data" [hw_mixer.cpp:65]   --->   Operation 95 'write' 'write_ln65' <Predicate = (or_ln69_6)> <Delay = 0.00>
ST_3 : Operation 96 [1/1] (0.42ns)   --->   "%ret_ln0 = ret"   --->   Operation 96 'ret' 'ret_ln0' <Predicate = (or_ln69_6)> <Delay = 0.42>


============================================================
+ Verbose Summary: Binding
============================================================
STG Binding: 
---------------- STG Properties BEGIN ----------------
- Is combinational: 0
- Is one-state seq: 0
- Is datapath-only: 0
- Is pipelined: 0
- Is top level: 0
Port [ Return ] is wired: 1; IO mode=ap_ctrl_hs:ce=0
Port [ active_14]:  wired=1; compound=0; hidden=0; nouse=0; global=0; static=0; extern=0; dir=0; type=0; pingpong=0; private_global=0; IO mode=ap_none:ce=0
Port [ mix_out_V_data_V]:  wired=1; compound=1; hidden=0; nouse=0; global=0; static=0; extern=0; dir=1; type=0; pingpong=0; private_global=0; IO mode=axis:ce=0
Port [ mix_out_V_keep_V]:  wired=1; compound=1; hidden=0; nouse=0; global=0; static=0; extern=0; dir=1; type=0; pingpong=0; private_global=0; IO mode=axis:ce=0
Port [ mix_out_V_strb_V]:  wired=1; compound=1; hidden=0; nouse=0; global=0; static=0; extern=0; dir=1; type=0; pingpong=0; private_global=0; IO mode=axis:ce=0
Port [ mix_out_V_user_V]:  wired=1; compound=1; hidden=0; nouse=0; global=0; static=0; extern=0; dir=1; type=0; pingpong=0; private_global=0; IO mode=axis:ce=0
Port [ mix_out_V_last_V]:  wired=1; compound=1; hidden=0; nouse=0; global=0; static=0; extern=0; dir=1; type=0; pingpong=0; private_global=0; IO mode=axis:ce=0
Port [ mix_out_V_id_V]:  wired=1; compound=1; hidden=0; nouse=0; global=0; static=0; extern=0; dir=1; type=0; pingpong=0; private_global=0; IO mode=axis:ce=0
Port [ mix_out_V_dest_V]:  wired=1; compound=1; hidden=0; nouse=0; global=0; static=0; extern=0; dir=1; type=0; pingpong=0; private_global=0; IO mode=axis:ce=0
Port [ stream_in_0_V_data_V]:  wired=1; compound=1; hidden=0; nouse=0; global=0; static=0; extern=0; dir=0; type=0; pingpong=0; private_global=0; IO mode=axis:ce=0
Port [ stream_in_0_V_keep_V]:  wired=1; compound=1; hidden=0; nouse=0; global=0; static=0; extern=0; dir=0; type=0; pingpong=0; private_global=0; IO mode=axis:ce=0
Port [ stream_in_0_V_strb_V]:  wired=1; compound=1; hidden=0; nouse=0; global=0; static=0; extern=0; dir=0; type=0; pingpong=0; private_global=0; IO mode=axis:ce=0
Port [ stream_in_0_V_user_V]:  wired=1; compound=1; hidden=0; nouse=0; global=0; static=0; extern=0; dir=0; type=0; pingpong=0; private_global=0; IO mode=axis:ce=0
Port [ stream_in_0_V_last_V]:  wired=1; compound=1; hidden=0; nouse=0; global=0; static=0; extern=0; dir=0; type=0; pingpong=0; private_global=0; IO mode=axis:ce=0
Port [ stream_in_0_V_id_V]:  wired=1; compound=1; hidden=0; nouse=0; global=0; static=0; extern=0; dir=0; type=0; pingpong=0; private_global=0; IO mode=axis:ce=0
Port [ stream_in_0_V_dest_V]:  wired=1; compound=1; hidden=0; nouse=0; global=0; static=0; extern=0; dir=0; type=0; pingpong=0; private_global=0; IO mode=axis:ce=0
Port [ stream_in_1_V_data_V]:  wired=1; compound=1; hidden=0; nouse=0; global=0; static=0; extern=0; dir=0; type=0; pingpong=0; private_global=0; IO mode=axis:ce=0
Port [ stream_in_1_V_keep_V]:  wired=1; compound=1; hidden=0; nouse=0; global=0; static=0; extern=0; dir=0; type=0; pingpong=0; private_global=0; IO mode=axis:ce=0
Port [ stream_in_1_V_strb_V]:  wired=1; compound=1; hidden=0; nouse=0; global=0; static=0; extern=0; dir=0; type=0; pingpong=0; private_global=0; IO mode=axis:ce=0
Port [ stream_in_1_V_user_V]:  wired=1; compound=1; hidden=0; nouse=0; global=0; static=0; extern=0; dir=0; type=0; pingpong=0; private_global=0; IO mode=axis:ce=0
Port [ stream_in_1_V_last_V]:  wired=1; compound=1; hidden=0; nouse=0; global=0; static=0; extern=0; dir=0; type=0; pingpong=0; private_global=0; IO mode=axis:ce=0
Port [ stream_in_1_V_id_V]:  wired=1; compound=1; hidden=0; nouse=0; global=0; static=0; extern=0; dir=0; type=0; pingpong=0; private_global=0; IO mode=axis:ce=0
Port [ stream_in_1_V_dest_V]:  wired=1; compound=1; hidden=0; nouse=0; global=0; static=0; extern=0; dir=0; type=0; pingpong=0; private_global=0; IO mode=axis:ce=0
Port [ stream_in_2_V_data_V]:  wired=1; compound=1; hidden=0; nouse=0; global=0; static=0; extern=0; dir=0; type=0; pingpong=0; private_global=0; IO mode=axis:ce=0
Port [ stream_in_2_V_keep_V]:  wired=1; compound=1; hidden=0; nouse=0; global=0; static=0; extern=0; dir=0; type=0; pingpong=0; private_global=0; IO mode=axis:ce=0
Port [ stream_in_2_V_strb_V]:  wired=1; compound=1; hidden=0; nouse=0; global=0; static=0; extern=0; dir=0; type=0; pingpong=0; private_global=0; IO mode=axis:ce=0
Port [ stream_in_2_V_user_V]:  wired=1; compound=1; hidden=0; nouse=0; global=0; static=0; extern=0; dir=0; type=0; pingpong=0; private_global=0; IO mode=axis:ce=0
Port [ stream_in_2_V_last_V]:  wired=1; compound=1; hidden=0; nouse=0; global=0; static=0; extern=0; dir=0; type=0; pingpong=0; private_global=0; IO mode=axis:ce=0
Port [ stream_in_2_V_id_V]:  wired=1; compound=1; hidden=0; nouse=0; global=0; static=0; extern=0; dir=0; type=0; pingpong=0; private_global=0; IO mode=axis:ce=0
Port [ stream_in_2_V_dest_V]:  wired=1; compound=1; hidden=0; nouse=0; global=0; static=0; extern=0; dir=0; type=0; pingpong=0; private_global=0; IO mode=axis:ce=0
Port [ stream_in_3_V_data_V]:  wired=1; compound=1; hidden=0; nouse=0; global=0; static=0; extern=0; dir=0; type=0; pingpong=0; private_global=0; IO mode=axis:ce=0
Port [ stream_in_3_V_keep_V]:  wired=1; compound=1; hidden=0; nouse=0; global=0; static=0; extern=0; dir=0; type=0; pingpong=0; private_global=0; IO mode=axis:ce=0
Port [ stream_in_3_V_strb_V]:  wired=1; compound=1; hidden=0; nouse=0; global=0; static=0; extern=0; dir=0; type=0; pingpong=0; private_global=0; IO mode=axis:ce=0
Port [ stream_in_3_V_user_V]:  wired=1; compound=1; hidden=0; nouse=0; global=0; static=0; extern=0; dir=0; type=0; pingpong=0; private_global=0; IO mode=axis:ce=0
Port [ stream_in_3_V_last_V]:  wired=1; compound=1; hidden=0; nouse=0; global=0; static=0; extern=0; dir=0; type=0; pingpong=0; private_global=0; IO mode=axis:ce=0
Port [ stream_in_3_V_id_V]:  wired=1; compound=1; hidden=0; nouse=0; global=0; static=0; extern=0; dir=0; type=0; pingpong=0; private_global=0; IO mode=axis:ce=0
Port [ stream_in_3_V_dest_V]:  wired=1; compound=1; hidden=0; nouse=0; global=0; static=0; extern=0; dir=0; type=0; pingpong=0; private_global=0; IO mode=axis:ce=0
Port [ stream_in_4_V_data_V]:  wired=1; compound=1; hidden=0; nouse=0; global=0; static=0; extern=0; dir=0; type=0; pingpong=0; private_global=0; IO mode=axis:ce=0
Port [ stream_in_4_V_keep_V]:  wired=1; compound=1; hidden=0; nouse=0; global=0; static=0; extern=0; dir=0; type=0; pingpong=0; private_global=0; IO mode=axis:ce=0
Port [ stream_in_4_V_strb_V]:  wired=1; compound=1; hidden=0; nouse=0; global=0; static=0; extern=0; dir=0; type=0; pingpong=0; private_global=0; IO mode=axis:ce=0
Port [ stream_in_4_V_user_V]:  wired=1; compound=1; hidden=0; nouse=0; global=0; static=0; extern=0; dir=0; type=0; pingpong=0; private_global=0; IO mode=axis:ce=0
Port [ stream_in_4_V_last_V]:  wired=1; compound=1; hidden=0; nouse=0; global=0; static=0; extern=0; dir=0; type=0; pingpong=0; private_global=0; IO mode=axis:ce=0
Port [ stream_in_4_V_id_V]:  wired=1; compound=1; hidden=0; nouse=0; global=0; static=0; extern=0; dir=0; type=0; pingpong=0; private_global=0; IO mode=axis:ce=0
Port [ stream_in_4_V_dest_V]:  wired=1; compound=1; hidden=0; nouse=0; global=0; static=0; extern=0; dir=0; type=0; pingpong=0; private_global=0; IO mode=axis:ce=0
Port [ stream_in_5_V_data_V]:  wired=1; compound=1; hidden=0; nouse=0; global=0; static=0; extern=0; dir=0; type=0; pingpong=0; private_global=0; IO mode=axis:ce=0
Port [ stream_in_5_V_keep_V]:  wired=1; compound=1; hidden=0; nouse=0; global=0; static=0; extern=0; dir=0; type=0; pingpong=0; private_global=0; IO mode=axis:ce=0
Port [ stream_in_5_V_strb_V]:  wired=1; compound=1; hidden=0; nouse=0; global=0; static=0; extern=0; dir=0; type=0; pingpong=0; private_global=0; IO mode=axis:ce=0
Port [ stream_in_5_V_user_V]:  wired=1; compound=1; hidden=0; nouse=0; global=0; static=0; extern=0; dir=0; type=0; pingpong=0; private_global=0; IO mode=axis:ce=0
Port [ stream_in_5_V_last_V]:  wired=1; compound=1; hidden=0; nouse=0; global=0; static=0; extern=0; dir=0; type=0; pingpong=0; private_global=0; IO mode=axis:ce=0
Port [ stream_in_5_V_id_V]:  wired=1; compound=1; hidden=0; nouse=0; global=0; static=0; extern=0; dir=0; type=0; pingpong=0; private_global=0; IO mode=axis:ce=0
Port [ stream_in_5_V_dest_V]:  wired=1; compound=1; hidden=0; nouse=0; global=0; static=0; extern=0; dir=0; type=0; pingpong=0; private_global=0; IO mode=axis:ce=0
Port [ stream_in_6_V_data_V]:  wired=1; compound=1; hidden=0; nouse=0; global=0; static=0; extern=0; dir=0; type=0; pingpong=0; private_global=0; IO mode=axis:ce=0
Port [ stream_in_6_V_keep_V]:  wired=1; compound=1; hidden=0; nouse=0; global=0; static=0; extern=0; dir=0; type=0; pingpong=0; private_global=0; IO mode=axis:ce=0
Port [ stream_in_6_V_strb_V]:  wired=1; compound=1; hidden=0; nouse=0; global=0; static=0; extern=0; dir=0; type=0; pingpong=0; private_global=0; IO mode=axis:ce=0
Port [ stream_in_6_V_user_V]:  wired=1; compound=1; hidden=0; nouse=0; global=0; static=0; extern=0; dir=0; type=0; pingpong=0; private_global=0; IO mode=axis:ce=0
Port [ stream_in_6_V_last_V]:  wired=1; compound=1; hidden=0; nouse=0; global=0; static=0; extern=0; dir=0; type=0; pingpong=0; private_global=0; IO mode=axis:ce=0
Port [ stream_in_6_V_id_V]:  wired=1; compound=1; hidden=0; nouse=0; global=0; static=0; extern=0; dir=0; type=0; pingpong=0; private_global=0; IO mode=axis:ce=0
Port [ stream_in_6_V_dest_V]:  wired=1; compound=1; hidden=0; nouse=0; global=0; static=0; extern=0; dir=0; type=0; pingpong=0; private_global=0; IO mode=axis:ce=0
Port [ stream_in_7_V_data_V]:  wired=1; compound=1; hidden=0; nouse=0; global=0; static=0; extern=0; dir=0; type=0; pingpong=0; private_global=0; IO mode=axis:ce=0
Port [ stream_in_7_V_keep_V]:  wired=1; compound=1; hidden=0; nouse=0; global=0; static=0; extern=0; dir=0; type=0; pingpong=0; private_global=0; IO mode=axis:ce=0
Port [ stream_in_7_V_strb_V]:  wired=1; compound=1; hidden=0; nouse=0; global=0; static=0; extern=0; dir=0; type=0; pingpong=0; private_global=0; IO mode=axis:ce=0
Port [ stream_in_7_V_user_V]:  wired=1; compound=1; hidden=0; nouse=0; global=0; static=0; extern=0; dir=0; type=0; pingpong=0; private_global=0; IO mode=axis:ce=0
Port [ stream_in_7_V_last_V]:  wired=1; compound=1; hidden=0; nouse=0; global=0; static=0; extern=0; dir=0; type=0; pingpong=0; private_global=0; IO mode=axis:ce=0
Port [ stream_in_7_V_id_V]:  wired=1; compound=1; hidden=0; nouse=0; global=0; static=0; extern=0; dir=0; type=0; pingpong=0; private_global=0; IO mode=axis:ce=0
Port [ stream_in_7_V_dest_V]:  wired=1; compound=1; hidden=0; nouse=0; global=0; static=0; extern=0; dir=0; type=0; pingpong=0; private_global=0; IO mode=axis:ce=0
Port [ empty_16]:  wired=1; compound=0; hidden=0; nouse=0; global=0; static=0; extern=0; dir=0; type=0; pingpong=0; private_global=0; IO mode=ap_none:ce=0
Port [ empty_17]:  wired=1; compound=0; hidden=0; nouse=0; global=0; static=0; extern=0; dir=0; type=0; pingpong=0; private_global=0; IO mode=ap_none:ce=0
Port [ empty_18]:  wired=1; compound=0; hidden=0; nouse=0; global=0; static=0; extern=0; dir=0; type=0; pingpong=0; private_global=0; IO mode=ap_none:ce=0
Port [ empty_19]:  wired=1; compound=0; hidden=0; nouse=0; global=0; static=0; extern=0; dir=0; type=0; pingpong=0; private_global=0; IO mode=ap_none:ce=0
Port [ empty_20]:  wired=1; compound=0; hidden=0; nouse=0; global=0; static=0; extern=0; dir=0; type=0; pingpong=0; private_global=0; IO mode=ap_none:ce=0
Port [ empty_21]:  wired=1; compound=0; hidden=0; nouse=0; global=0; static=0; extern=0; dir=0; type=0; pingpong=0; private_global=0; IO mode=ap_none:ce=0
Port [ empty_22]:  wired=1; compound=0; hidden=0; nouse=0; global=0; static=0; extern=0; dir=0; type=0; pingpong=0; private_global=0; IO mode=ap_none:ce=0
Port [ empty]:  wired=1; compound=0; hidden=0; nouse=0; global=0; static=0; extern=0; dir=0; type=0; pingpong=0; private_global=0; IO mode=ap_none:ce=0
Port [ out_pkt_data_out]:  wired=1; compound=0; hidden=0; nouse=0; global=0; static=0; extern=0; dir=1; type=0; pingpong=0; private_global=0; IO mode=ap_vld:ce=0
---------------- STG Properties END ------------------

---------------- Datapath Model BEGIN ----------------

<LifeTime>
<method=bitvector/>
specaxissidechannel_ln0 (specaxissidechannel) [ 0000]
specaxissidechannel_ln0 (specaxissidechannel) [ 0000]
specaxissidechannel_ln0 (specaxissidechannel) [ 0000]
specaxissidechannel_ln0 (specaxissidechannel) [ 0000]
specaxissidechannel_ln0 (specaxissidechannel) [ 0000]
specaxissidechannel_ln0 (specaxissidechannel) [ 0000]
specaxissidechannel_ln0 (specaxissidechannel) [ 0000]
specaxissidechannel_ln0 (specaxissidechannel) [ 0000]
specaxissidechannel_ln0 (specaxissidechannel) [ 0000]
specinterface_ln0       (specinterface      ) [ 0000]
specinterface_ln0       (specinterface      ) [ 0000]
specinterface_ln0       (specinterface      ) [ 0000]
specinterface_ln0       (specinterface      ) [ 0000]
specinterface_ln0       (specinterface      ) [ 0000]
specinterface_ln0       (specinterface      ) [ 0000]
specinterface_ln0       (specinterface      ) [ 0000]
specinterface_ln0       (specinterface      ) [ 0000]
specinterface_ln0       (specinterface      ) [ 0000]
tmp                     (read               ) [ 0110]
tmp_1                   (read               ) [ 0110]
tmp_2                   (read               ) [ 0110]
tmp_3                   (read               ) [ 0100]
tmp_4                   (read               ) [ 0100]
tmp_5                   (read               ) [ 0100]
tmp_6                   (read               ) [ 0100]
tmp_7                   (read               ) [ 0100]
active_14_read          (read               ) [ 0111]
icmp_ln65               (icmp               ) [ 0111]
br_ln30                 (br                 ) [ 0000]
empty_27                (read               ) [ 0000]
s0_data                 (extractvalue       ) [ 0000]
s0_last                 (extractvalue       ) [ 0000]
empty_28                (read               ) [ 0000]
s1_data                 (extractvalue       ) [ 0000]
s1_last                 (extractvalue       ) [ 0000]
empty_29                (read               ) [ 0000]
s2_data                 (extractvalue       ) [ 0000]
s2_last                 (extractvalue       ) [ 0000]
empty_30                (read               ) [ 0000]
s3_data                 (extractvalue       ) [ 0000]
s3_last                 (extractvalue       ) [ 0000]
empty_31                (read               ) [ 0000]
s4_data                 (extractvalue       ) [ 0000]
s4_last                 (extractvalue       ) [ 0000]
empty_32                (read               ) [ 0110]
s5_last                 (extractvalue       ) [ 0000]
empty_33                (read               ) [ 0110]
s6_last                 (extractvalue       ) [ 0000]
empty_34                (read               ) [ 0110]
s7_last                 (extractvalue       ) [ 0000]
mix_int                 (select             ) [ 0000]
mix_int_1               (add                ) [ 0000]
mix_int_2               (select             ) [ 0000]
mix_int_3               (add                ) [ 0000]
mix_int_4               (select             ) [ 0000]
mix_int_5               (add                ) [ 0000]
mix_int_6               (select             ) [ 0000]
mix_int_7               (add                ) [ 0000]
mix_int_8               (select             ) [ 0110]
br_ln65                 (br                 ) [ 0111]
or_ln69                 (or                 ) [ 0000]
or_ln69_1               (or                 ) [ 0000]
or_ln69_2               (or                 ) [ 0000]
or_ln69_3               (or                 ) [ 0000]
or_ln69_4               (or                 ) [ 0000]
or_ln69_5               (or                 ) [ 0000]
or_ln69_6               (or                 ) [ 0111]
br_ln69                 (br                 ) [ 0000]
specpipeline_ln41       (specpipeline       ) [ 0000]
speclooptripcount_ln31  (speclooptripcount  ) [ 0000]
specloopname_ln30       (specloopname       ) [ 0000]
s5_data                 (extractvalue       ) [ 0000]
s6_data                 (extractvalue       ) [ 0000]
s7_data                 (extractvalue       ) [ 0000]
mix_int_9               (add                ) [ 0000]
mix_int_10              (select             ) [ 0000]
mix_int_11              (add                ) [ 0000]
mix_int_12              (select             ) [ 0000]
mix_int_13              (add                ) [ 0000]
mix_int_14              (select             ) [ 0101]
br_ln65                 (br                 ) [ 0111]
sext_ln65               (sext               ) [ 0000]
zext_ln65_cast          (sparsemux          ) [ 0000]
zext_ln65               (zext               ) [ 0000]
mul_ln65                (mul                ) [ 0000]
trunc_ln                (partselect         ) [ 0000]
out_pkt_data            (phi                ) [ 0101]
write_ln74              (write              ) [ 0000]
br_ln30                 (br                 ) [ 0000]
write_ln65              (write              ) [ 0000]
ret_ln0                 (ret                ) [ 0000]
</LifeTime>

<model>

<comp_list>
<comp id="0" class="1000" name="active_14">
<pin_list>
<pin id="1" dir="1" index="0" bw="1" slack="0"/>
</pin_list>
<bind>
<StgValue><ssdm name="active_14"/></StgValue>
</bind>
</comp>

<comp id="2" class="1000" name="mix_out_V_data_V">
<pin_list>
<pin id="3" dir="1" index="0" bw="1" slack="0"/>
</pin_list>
<bind>
<StgValue><ssdm name="mix_out_V_data_V"/></StgValue>
</bind>
</comp>

<comp id="4" class="1000" name="mix_out_V_keep_V">
<pin_list>
<pin id="5" dir="1" index="0" bw="1" slack="0"/>
</pin_list>
<bind>
<StgValue><ssdm name="mix_out_V_keep_V"/></StgValue>
</bind>
</comp>

<comp id="6" class="1000" name="mix_out_V_strb_V">
<pin_list>
<pin id="7" dir="1" index="0" bw="1" slack="0"/>
</pin_list>
<bind>
<StgValue><ssdm name="mix_out_V_strb_V"/></StgValue>
</bind>
</comp>

<comp id="8" class="1000" name="mix_out_V_user_V">
<pin_list>
<pin id="9" dir="1" index="0" bw="1" slack="0"/>
</pin_list>
<bind>
<StgValue><ssdm name="mix_out_V_user_V"/></StgValue>
</bind>
</comp>

<comp id="10" class="1000" name="mix_out_V_last_V">
<pin_list>
<pin id="11" dir="1" index="0" bw="1" slack="0"/>
</pin_list>
<bind>
<StgValue><ssdm name="mix_out_V_last_V"/></StgValue>
</bind>
</comp>

<comp id="12" class="1000" name="mix_out_V_id_V">
<pin_list>
<pin id="13" dir="1" index="0" bw="1" slack="0"/>
</pin_list>
<bind>
<StgValue><ssdm name="mix_out_V_id_V"/></StgValue>
</bind>
</comp>

<comp id="14" class="1000" name="mix_out_V_dest_V">
<pin_list>
<pin id="15" dir="1" index="0" bw="1" slack="0"/>
</pin_list>
<bind>
<StgValue><ssdm name="mix_out_V_dest_V"/></StgValue>
</bind>
</comp>

<comp id="16" class="1000" name="stream_in_0_V_data_V">
<pin_list>
<pin id="17" dir="1" index="0" bw="1" slack="0"/>
</pin_list>
<bind>
<StgValue><ssdm name="stream_in_0_V_data_V"/></StgValue>
</bind>
</comp>

<comp id="18" class="1000" name="stream_in_0_V_keep_V">
<pin_list>
<pin id="19" dir="1" index="0" bw="1" slack="0"/>
</pin_list>
<bind>
<StgValue><ssdm name="stream_in_0_V_keep_V"/></StgValue>
</bind>
</comp>

<comp id="20" class="1000" name="stream_in_0_V_strb_V">
<pin_list>
<pin id="21" dir="1" index="0" bw="1" slack="0"/>
</pin_list>
<bind>
<StgValue><ssdm name="stream_in_0_V_strb_V"/></StgValue>
</bind>
</comp>

<comp id="22" class="1000" name="stream_in_0_V_user_V">
<pin_list>
<pin id="23" dir="1" index="0" bw="1" slack="0"/>
</pin_list>
<bind>
<StgValue><ssdm name="stream_in_0_V_user_V"/></StgValue>
</bind>
</comp>

<comp id="24" class="1000" name="stream_in_0_V_last_V">
<pin_list>
<pin id="25" dir="1" index="0" bw="1" slack="0"/>
</pin_list>
<bind>
<StgValue><ssdm name="stream_in_0_V_last_V"/></StgValue>
</bind>
</comp>

<comp id="26" class="1000" name="stream_in_0_V_id_V">
<pin_list>
<pin id="27" dir="1" index="0" bw="1" slack="0"/>
</pin_list>
<bind>
<StgValue><ssdm name="stream_in_0_V_id_V"/></StgValue>
</bind>
</comp>

<comp id="28" class="1000" name="stream_in_0_V_dest_V">
<pin_list>
<pin id="29" dir="1" index="0" bw="1" slack="0"/>
</pin_list>
<bind>
<StgValue><ssdm name="stream_in_0_V_dest_V"/></StgValue>
</bind>
</comp>

<comp id="30" class="1000" name="stream_in_1_V_data_V">
<pin_list>
<pin id="31" dir="1" index="0" bw="1" slack="0"/>
</pin_list>
<bind>
<StgValue><ssdm name="stream_in_1_V_data_V"/></StgValue>
</bind>
</comp>

<comp id="32" class="1000" name="stream_in_1_V_keep_V">
<pin_list>
<pin id="33" dir="1" index="0" bw="1" slack="0"/>
</pin_list>
<bind>
<StgValue><ssdm name="stream_in_1_V_keep_V"/></StgValue>
</bind>
</comp>

<comp id="34" class="1000" name="stream_in_1_V_strb_V">
<pin_list>
<pin id="35" dir="1" index="0" bw="1" slack="0"/>
</pin_list>
<bind>
<StgValue><ssdm name="stream_in_1_V_strb_V"/></StgValue>
</bind>
</comp>

<comp id="36" class="1000" name="stream_in_1_V_user_V">
<pin_list>
<pin id="37" dir="1" index="0" bw="1" slack="0"/>
</pin_list>
<bind>
<StgValue><ssdm name="stream_in_1_V_user_V"/></StgValue>
</bind>
</comp>

<comp id="38" class="1000" name="stream_in_1_V_last_V">
<pin_list>
<pin id="39" dir="1" index="0" bw="1" slack="0"/>
</pin_list>
<bind>
<StgValue><ssdm name="stream_in_1_V_last_V"/></StgValue>
</bind>
</comp>

<comp id="40" class="1000" name="stream_in_1_V_id_V">
<pin_list>
<pin id="41" dir="1" index="0" bw="1" slack="0"/>
</pin_list>
<bind>
<StgValue><ssdm name="stream_in_1_V_id_V"/></StgValue>
</bind>
</comp>

<comp id="42" class="1000" name="stream_in_1_V_dest_V">
<pin_list>
<pin id="43" dir="1" index="0" bw="1" slack="0"/>
</pin_list>
<bind>
<StgValue><ssdm name="stream_in_1_V_dest_V"/></StgValue>
</bind>
</comp>

<comp id="44" class="1000" name="stream_in_2_V_data_V">
<pin_list>
<pin id="45" dir="1" index="0" bw="1" slack="0"/>
</pin_list>
<bind>
<StgValue><ssdm name="stream_in_2_V_data_V"/></StgValue>
</bind>
</comp>

<comp id="46" class="1000" name="stream_in_2_V_keep_V">
<pin_list>
<pin id="47" dir="1" index="0" bw="1" slack="0"/>
</pin_list>
<bind>
<StgValue><ssdm name="stream_in_2_V_keep_V"/></StgValue>
</bind>
</comp>

<comp id="48" class="1000" name="stream_in_2_V_strb_V">
<pin_list>
<pin id="49" dir="1" index="0" bw="1" slack="0"/>
</pin_list>
<bind>
<StgValue><ssdm name="stream_in_2_V_strb_V"/></StgValue>
</bind>
</comp>

<comp id="50" class="1000" name="stream_in_2_V_user_V">
<pin_list>
<pin id="51" dir="1" index="0" bw="1" slack="0"/>
</pin_list>
<bind>
<StgValue><ssdm name="stream_in_2_V_user_V"/></StgValue>
</bind>
</comp>

<comp id="52" class="1000" name="stream_in_2_V_last_V">
<pin_list>
<pin id="53" dir="1" index="0" bw="1" slack="0"/>
</pin_list>
<bind>
<StgValue><ssdm name="stream_in_2_V_last_V"/></StgValue>
</bind>
</comp>

<comp id="54" class="1000" name="stream_in_2_V_id_V">
<pin_list>
<pin id="55" dir="1" index="0" bw="1" slack="0"/>
</pin_list>
<bind>
<StgValue><ssdm name="stream_in_2_V_id_V"/></StgValue>
</bind>
</comp>

<comp id="56" class="1000" name="stream_in_2_V_dest_V">
<pin_list>
<pin id="57" dir="1" index="0" bw="1" slack="0"/>
</pin_list>
<bind>
<StgValue><ssdm name="stream_in_2_V_dest_V"/></StgValue>
</bind>
</comp>

<comp id="58" class="1000" name="stream_in_3_V_data_V">
<pin_list>
<pin id="59" dir="1" index="0" bw="1" slack="0"/>
</pin_list>
<bind>
<StgValue><ssdm name="stream_in_3_V_data_V"/></StgValue>
</bind>
</comp>

<comp id="60" class="1000" name="stream_in_3_V_keep_V">
<pin_list>
<pin id="61" dir="1" index="0" bw="1" slack="0"/>
</pin_list>
<bind>
<StgValue><ssdm name="stream_in_3_V_keep_V"/></StgValue>
</bind>
</comp>

<comp id="62" class="1000" name="stream_in_3_V_strb_V">
<pin_list>
<pin id="63" dir="1" index="0" bw="1" slack="0"/>
</pin_list>
<bind>
<StgValue><ssdm name="stream_in_3_V_strb_V"/></StgValue>
</bind>
</comp>

<comp id="64" class="1000" name="stream_in_3_V_user_V">
<pin_list>
<pin id="65" dir="1" index="0" bw="1" slack="0"/>
</pin_list>
<bind>
<StgValue><ssdm name="stream_in_3_V_user_V"/></StgValue>
</bind>
</comp>

<comp id="66" class="1000" name="stream_in_3_V_last_V">
<pin_list>
<pin id="67" dir="1" index="0" bw="1" slack="0"/>
</pin_list>
<bind>
<StgValue><ssdm name="stream_in_3_V_last_V"/></StgValue>
</bind>
</comp>

<comp id="68" class="1000" name="stream_in_3_V_id_V">
<pin_list>
<pin id="69" dir="1" index="0" bw="1" slack="0"/>
</pin_list>
<bind>
<StgValue><ssdm name="stream_in_3_V_id_V"/></StgValue>
</bind>
</comp>

<comp id="70" class="1000" name="stream_in_3_V_dest_V">
<pin_list>
<pin id="71" dir="1" index="0" bw="1" slack="0"/>
</pin_list>
<bind>
<StgValue><ssdm name="stream_in_3_V_dest_V"/></StgValue>
</bind>
</comp>

<comp id="72" class="1000" name="stream_in_4_V_data_V">
<pin_list>
<pin id="73" dir="1" index="0" bw="1" slack="0"/>
</pin_list>
<bind>
<StgValue><ssdm name="stream_in_4_V_data_V"/></StgValue>
</bind>
</comp>

<comp id="74" class="1000" name="stream_in_4_V_keep_V">
<pin_list>
<pin id="75" dir="1" index="0" bw="1" slack="0"/>
</pin_list>
<bind>
<StgValue><ssdm name="stream_in_4_V_keep_V"/></StgValue>
</bind>
</comp>

<comp id="76" class="1000" name="stream_in_4_V_strb_V">
<pin_list>
<pin id="77" dir="1" index="0" bw="1" slack="0"/>
</pin_list>
<bind>
<StgValue><ssdm name="stream_in_4_V_strb_V"/></StgValue>
</bind>
</comp>

<comp id="78" class="1000" name="stream_in_4_V_user_V">
<pin_list>
<pin id="79" dir="1" index="0" bw="1" slack="0"/>
</pin_list>
<bind>
<StgValue><ssdm name="stream_in_4_V_user_V"/></StgValue>
</bind>
</comp>

<comp id="80" class="1000" name="stream_in_4_V_last_V">
<pin_list>
<pin id="81" dir="1" index="0" bw="1" slack="0"/>
</pin_list>
<bind>
<StgValue><ssdm name="stream_in_4_V_last_V"/></StgValue>
</bind>
</comp>

<comp id="82" class="1000" name="stream_in_4_V_id_V">
<pin_list>
<pin id="83" dir="1" index="0" bw="1" slack="0"/>
</pin_list>
<bind>
<StgValue><ssdm name="stream_in_4_V_id_V"/></StgValue>
</bind>
</comp>

<comp id="84" class="1000" name="stream_in_4_V_dest_V">
<pin_list>
<pin id="85" dir="1" index="0" bw="1" slack="0"/>
</pin_list>
<bind>
<StgValue><ssdm name="stream_in_4_V_dest_V"/></StgValue>
</bind>
</comp>

<comp id="86" class="1000" name="stream_in_5_V_data_V">
<pin_list>
<pin id="87" dir="1" index="0" bw="1" slack="0"/>
</pin_list>
<bind>
<StgValue><ssdm name="stream_in_5_V_data_V"/></StgValue>
</bind>
</comp>

<comp id="88" class="1000" name="stream_in_5_V_keep_V">
<pin_list>
<pin id="89" dir="1" index="0" bw="1" slack="0"/>
</pin_list>
<bind>
<StgValue><ssdm name="stream_in_5_V_keep_V"/></StgValue>
</bind>
</comp>

<comp id="90" class="1000" name="stream_in_5_V_strb_V">
<pin_list>
<pin id="91" dir="1" index="0" bw="1" slack="0"/>
</pin_list>
<bind>
<StgValue><ssdm name="stream_in_5_V_strb_V"/></StgValue>
</bind>
</comp>

<comp id="92" class="1000" name="stream_in_5_V_user_V">
<pin_list>
<pin id="93" dir="1" index="0" bw="1" slack="0"/>
</pin_list>
<bind>
<StgValue><ssdm name="stream_in_5_V_user_V"/></StgValue>
</bind>
</comp>

<comp id="94" class="1000" name="stream_in_5_V_last_V">
<pin_list>
<pin id="95" dir="1" index="0" bw="1" slack="0"/>
</pin_list>
<bind>
<StgValue><ssdm name="stream_in_5_V_last_V"/></StgValue>
</bind>
</comp>

<comp id="96" class="1000" name="stream_in_5_V_id_V">
<pin_list>
<pin id="97" dir="1" index="0" bw="1" slack="0"/>
</pin_list>
<bind>
<StgValue><ssdm name="stream_in_5_V_id_V"/></StgValue>
</bind>
</comp>

<comp id="98" class="1000" name="stream_in_5_V_dest_V">
<pin_list>
<pin id="99" dir="1" index="0" bw="1" slack="0"/>
</pin_list>
<bind>
<StgValue><ssdm name="stream_in_5_V_dest_V"/></StgValue>
</bind>
</comp>

<comp id="100" class="1000" name="stream_in_6_V_data_V">
<pin_list>
<pin id="101" dir="1" index="0" bw="1" slack="0"/>
</pin_list>
<bind>
<StgValue><ssdm name="stream_in_6_V_data_V"/></StgValue>
</bind>
</comp>

<comp id="102" class="1000" name="stream_in_6_V_keep_V">
<pin_list>
<pin id="103" dir="1" index="0" bw="1" slack="0"/>
</pin_list>
<bind>
<StgValue><ssdm name="stream_in_6_V_keep_V"/></StgValue>
</bind>
</comp>

<comp id="104" class="1000" name="stream_in_6_V_strb_V">
<pin_list>
<pin id="105" dir="1" index="0" bw="1" slack="0"/>
</pin_list>
<bind>
<StgValue><ssdm name="stream_in_6_V_strb_V"/></StgValue>
</bind>
</comp>

<comp id="106" class="1000" name="stream_in_6_V_user_V">
<pin_list>
<pin id="107" dir="1" index="0" bw="1" slack="0"/>
</pin_list>
<bind>
<StgValue><ssdm name="stream_in_6_V_user_V"/></StgValue>
</bind>
</comp>

<comp id="108" class="1000" name="stream_in_6_V_last_V">
<pin_list>
<pin id="109" dir="1" index="0" bw="1" slack="0"/>
</pin_list>
<bind>
<StgValue><ssdm name="stream_in_6_V_last_V"/></StgValue>
</bind>
</comp>

<comp id="110" class="1000" name="stream_in_6_V_id_V">
<pin_list>
<pin id="111" dir="1" index="0" bw="1" slack="0"/>
</pin_list>
<bind>
<StgValue><ssdm name="stream_in_6_V_id_V"/></StgValue>
</bind>
</comp>

<comp id="112" class="1000" name="stream_in_6_V_dest_V">
<pin_list>
<pin id="113" dir="1" index="0" bw="1" slack="0"/>
</pin_list>
<bind>
<StgValue><ssdm name="stream_in_6_V_dest_V"/></StgValue>
</bind>
</comp>

<comp id="114" class="1000" name="stream_in_7_V_data_V">
<pin_list>
<pin id="115" dir="1" index="0" bw="1" slack="0"/>
</pin_list>
<bind>
<StgValue><ssdm name="stream_in_7_V_data_V"/></StgValue>
</bind>
</comp>

<comp id="116" class="1000" name="stream_in_7_V_keep_V">
<pin_list>
<pin id="117" dir="1" index="0" bw="1" slack="0"/>
</pin_list>
<bind>
<StgValue><ssdm name="stream_in_7_V_keep_V"/></StgValue>
</bind>
</comp>

<comp id="118" class="1000" name="stream_in_7_V_strb_V">
<pin_list>
<pin id="119" dir="1" index="0" bw="1" slack="0"/>
</pin_list>
<bind>
<StgValue><ssdm name="stream_in_7_V_strb_V"/></StgValue>
</bind>
</comp>

<comp id="120" class="1000" name="stream_in_7_V_user_V">
<pin_list>
<pin id="121" dir="1" index="0" bw="1" slack="0"/>
</pin_list>
<bind>
<StgValue><ssdm name="stream_in_7_V_user_V"/></StgValue>
</bind>
</comp>

<comp id="122" class="1000" name="stream_in_7_V_last_V">
<pin_list>
<pin id="123" dir="1" index="0" bw="1" slack="0"/>
</pin_list>
<bind>
<StgValue><ssdm name="stream_in_7_V_last_V"/></StgValue>
</bind>
</comp>

<comp id="124" class="1000" name="stream_in_7_V_id_V">
<pin_list>
<pin id="125" dir="1" index="0" bw="1" slack="0"/>
</pin_list>
<bind>
<StgValue><ssdm name="stream_in_7_V_id_V"/></StgValue>
</bind>
</comp>

<comp id="126" class="1000" name="stream_in_7_V_dest_V">
<pin_list>
<pin id="127" dir="1" index="0" bw="1" slack="0"/>
</pin_list>
<bind>
<StgValue><ssdm name="stream_in_7_V_dest_V"/></StgValue>
</bind>
</comp>

<comp id="128" class="1000" name="empty_16">
<pin_list>
<pin id="129" dir="1" index="0" bw="1" slack="0"/>
</pin_list>
<bind>
<StgValue><ssdm name="empty_16"/></StgValue>
</bind>
</comp>

<comp id="130" class="1000" name="empty_17">
<pin_list>
<pin id="131" dir="1" index="0" bw="1" slack="0"/>
</pin_list>
<bind>
<StgValue><ssdm name="empty_17"/></StgValue>
</bind>
</comp>

<comp id="132" class="1000" name="empty_18">
<pin_list>
<pin id="133" dir="1" index="0" bw="1" slack="0"/>
</pin_list>
<bind>
<StgValue><ssdm name="empty_18"/></StgValue>
</bind>
</comp>

<comp id="134" class="1000" name="empty_19">
<pin_list>
<pin id="135" dir="1" index="0" bw="1" slack="0"/>
</pin_list>
<bind>
<StgValue><ssdm name="empty_19"/></StgValue>
</bind>
</comp>

<comp id="136" class="1000" name="empty_20">
<pin_list>
<pin id="137" dir="1" index="0" bw="1" slack="0"/>
</pin_list>
<bind>
<StgValue><ssdm name="empty_20"/></StgValue>
</bind>
</comp>

<comp id="138" class="1000" name="empty_21">
<pin_list>
<pin id="139" dir="1" index="0" bw="1" slack="0"/>
</pin_list>
<bind>
<StgValue><ssdm name="empty_21"/></StgValue>
</bind>
</comp>

<comp id="140" class="1000" name="empty_22">
<pin_list>
<pin id="141" dir="1" index="0" bw="1" slack="0"/>
</pin_list>
<bind>
<StgValue><ssdm name="empty_22"/></StgValue>
</bind>
</comp>

<comp id="142" class="1000" name="empty">
<pin_list>
<pin id="143" dir="1" index="0" bw="1" slack="0"/>
</pin_list>
<bind>
<StgValue><ssdm name="empty"/></StgValue>
</bind>
</comp>

<comp id="144" class="1000" name="out_pkt_data_out">
<pin_list>
<pin id="145" dir="1" index="0" bw="1" slack="0"/>
</pin_list>
<bind>
<StgValue><ssdm name="out_pkt_data_out"/></StgValue>
</bind>
</comp>

<comp id="146" class="1001" name="const_146">
<pin_list>
<pin id="147" dir="1" index="0" bw="1" slack="2147483647"/>
</pin_list>
<bind>
<StgValue><ssdm name="_ssdm_op_SpecAXISSideChannel"/></StgValue>
</bind>
</comp>

<comp id="148" class="1001" name="const_148">
<pin_list>
<pin id="149" dir="1" index="0" bw="1" slack="2147483647"/>
</pin_list>
<bind>
<StgValue><ssdm name="empty_1"/></StgValue>
</bind>
</comp>

<comp id="150" class="1001" name="const_150">
<pin_list>
<pin id="151" dir="1" index="0" bw="1" slack="2147483647"/>
</pin_list>
<bind>
<StgValue><ssdm name="empty_8"/></StgValue>
</bind>
</comp>

<comp id="152" class="1001" name="const_152">
<pin_list>
<pin id="153" dir="1" index="0" bw="1" slack="2147483647"/>
</pin_list>
<bind>
<StgValue><ssdm name="empty_11"/></StgValue>
</bind>
</comp>

<comp id="154" class="1001" name="const_154">
<pin_list>
<pin id="155" dir="1" index="0" bw="1" slack="2147483647"/>
</pin_list>
<bind>
<StgValue><ssdm name="empty_12"/></StgValue>
</bind>
</comp>

<comp id="156" class="1001" name="const_156">
<pin_list>
<pin id="157" dir="1" index="0" bw="1" slack="2147483647"/>
</pin_list>
<bind>
<StgValue><ssdm name="empty_13"/></StgValue>
</bind>
</comp>

<comp id="158" class="1001" name="const_158">
<pin_list>
<pin id="159" dir="1" index="0" bw="1" slack="2147483647"/>
</pin_list>
<bind>
<StgValue><ssdm name="empty_14"/></StgValue>
</bind>
</comp>

<comp id="160" class="1001" name="const_160">
<pin_list>
<pin id="161" dir="1" index="0" bw="1" slack="2147483647"/>
</pin_list>
<bind>
<StgValue><ssdm name="empty_15"/></StgValue>
</bind>
</comp>

<comp id="162" class="1001" name="const_162">
<pin_list>
<pin id="163" dir="1" index="0" bw="1" slack="2147483647"/>
</pin_list>
<bind>
<StgValue><ssdm name="empty_7"/></StgValue>
</bind>
</comp>

<comp id="164" class="1001" name="const_164">
<pin_list>
<pin id="165" dir="1" index="0" bw="1" slack="2147483647"/>
</pin_list>
<bind>
<StgValue><ssdm name="empty_9"/></StgValue>
</bind>
</comp>

<comp id="166" class="1001" name="const_166">
<pin_list>
<pin id="167" dir="1" index="0" bw="1" slack="2147483647"/>
</pin_list>
<bind>
<StgValue><ssdm name="_ssdm_op_SpecInterface"/></StgValue>
</bind>
</comp>

<comp id="168" class="1001" name="const_168">
<pin_list>
<pin id="169" dir="1" index="0" bw="1" slack="2147483647"/>
</pin_list>
<bind>
<StgValue><ssdm name="empty_2"/></StgValue>
</bind>
</comp>

<comp id="170" class="1001" name="const_170">
<pin_list>
<pin id="171" dir="1" index="0" bw="1" slack="0"/>
</pin_list>
<bind>
<StgValue><ssdm name=""/></StgValue>
</bind>
</comp>

<comp id="172" class="1001" name="const_172">
<pin_list>
<pin id="173" dir="1" index="0" bw="1" slack="2147483647"/>
</pin_list>
<bind>
<StgValue><ssdm name="empty_3"/></StgValue>
</bind>
</comp>

<comp id="174" class="1001" name="const_174">
<pin_list>
<pin id="175" dir="1" index="0" bw="1" slack="2147483647"/>
</pin_list>
<bind>
<StgValue><ssdm name="empty_4"/></StgValue>
</bind>
</comp>

<comp id="176" class="1001" name="const_176">
<pin_list>
<pin id="177" dir="1" index="0" bw="1" slack="2147483647"/>
</pin_list>
<bind>
<StgValue><ssdm name=""/></StgValue>
</bind>
</comp>

<comp id="178" class="1001" name="const_178">
<pin_list>
<pin id="179" dir="1" index="0" bw="1" slack="0"/>
</pin_list>
<bind>
<StgValue><ssdm name="_ssdm_op_Read.ap_auto.i1"/></StgValue>
</bind>
</comp>

<comp id="180" class="1001" name="const_180">
<pin_list>
<pin id="181" dir="1" index="0" bw="1" slack="0"/>
</pin_list>
<bind>
<StgValue><ssdm name="_ssdm_op_Read.ap_auto.i4"/></StgValue>
</bind>
</comp>

<comp id="182" class="1001" name="const_182">
<pin_list>
<pin id="183" dir="1" index="0" bw="1" slack="0"/>
</pin_list>
<bind>
<StgValue><ssdm name=""/></StgValue>
</bind>
</comp>

<comp id="184" class="1001" name="const_184">
<pin_list>
<pin id="185" dir="1" index="0" bw="1" slack="0"/>
</pin_list>
<bind>
<StgValue><ssdm name="_ssdm_op_Read.axis.volatile.i32P0A.i4P0A.i4P0A.i2P0A.i1P0A.i5P0A.i6P0A"/></StgValue>
</bind>
</comp>

<comp id="186" class="1001" name="const_186">
<pin_list>
<pin id="187" dir="1" index="0" bw="1" slack="2147483647"/>
</pin_list>
<bind>
<StgValue><ssdm name="_ssdm_op_SpecPipeline"/></StgValue>
</bind>
</comp>

<comp id="188" class="1001" name="const_188">
<pin_list>
<pin id="189" dir="1" index="0" bw="1" slack="2147483647"/>
</pin_list>
<bind>
<StgValue><ssdm name="_ssdm_op_SpecLoopTripCount"/></StgValue>
</bind>
</comp>

<comp id="190" class="1001" name="const_190">
<pin_list>
<pin id="191" dir="1" index="0" bw="1" slack="2147483647"/>
</pin_list>
<bind>
<StgValue><ssdm name=""/></StgValue>
</bind>
</comp>

<comp id="192" class="1001" name="const_192">
<pin_list>
<pin id="193" dir="1" index="0" bw="1" slack="2147483647"/>
</pin_list>
<bind>
<StgValue><ssdm name=""/></StgValue>
</bind>
</comp>

<comp id="194" class="1001" name="const_194">
<pin_list>
<pin id="195" dir="1" index="0" bw="1" slack="2147483647"/>
</pin_list>
<bind>
<StgValue><ssdm name=""/></StgValue>
</bind>
</comp>

<comp id="196" class="1001" name="const_196">
<pin_list>
<pin id="197" dir="1" index="0" bw="1" slack="2147483647"/>
</pin_list>
<bind>
<StgValue><ssdm name="_ssdm_op_SpecLoopName"/></StgValue>
</bind>
</comp>

<comp id="198" class="1001" name="const_198">
<pin_list>
<pin id="199" dir="1" index="0" bw="1" slack="2147483647"/>
</pin_list>
<bind>
<StgValue><ssdm name="empty_10"/></StgValue>
</bind>
</comp>

<comp id="200" class="1001" name="const_200">
<pin_list>
<pin id="201" dir="1" index="0" bw="1" slack="0"/>
</pin_list>
<bind>
<StgValue><ssdm name="_ssdm_op_SparseMux.ap_auto.8i9.i9.i4"/></StgValue>
</bind>
</comp>

<comp id="202" class="1001" name="const_202">
<pin_list>
<pin id="203" dir="1" index="0" bw="1" slack="0"/>
</pin_list>
<bind>
<StgValue><ssdm name=""/></StgValue>
</bind>
</comp>

<comp id="204" class="1001" name="const_204">
<pin_list>
<pin id="205" dir="1" index="0" bw="1" slack="0"/>
</pin_list>
<bind>
<StgValue><ssdm name=""/></StgValue>
</bind>
</comp>

<comp id="206" class="1001" name="const_206">
<pin_list>
<pin id="207" dir="1" index="0" bw="1" slack="0"/>
</pin_list>
<bind>
<StgValue><ssdm name=""/></StgValue>
</bind>
</comp>

<comp id="208" class="1001" name="const_208">
<pin_list>
<pin id="209" dir="1" index="0" bw="1" slack="0"/>
</pin_list>
<bind>
<StgValue><ssdm name=""/></StgValue>
</bind>
</comp>

<comp id="210" class="1001" name="const_210">
<pin_list>
<pin id="211" dir="1" index="0" bw="1" slack="0"/>
</pin_list>
<bind>
<StgValue><ssdm name=""/></StgValue>
</bind>
</comp>

<comp id="212" class="1001" name="const_212">
<pin_list>
<pin id="213" dir="1" index="0" bw="1" slack="0"/>
</pin_list>
<bind>
<StgValue><ssdm name=""/></StgValue>
</bind>
</comp>

<comp id="214" class="1001" name="const_214">
<pin_list>
<pin id="215" dir="1" index="0" bw="1" slack="0"/>
</pin_list>
<bind>
<StgValue><ssdm name=""/></StgValue>
</bind>
</comp>

<comp id="216" class="1001" name="const_216">
<pin_list>
<pin id="217" dir="1" index="0" bw="1" slack="0"/>
</pin_list>
<bind>
<StgValue><ssdm name=""/></StgValue>
</bind>
</comp>

<comp id="218" class="1001" name="const_218">
<pin_list>
<pin id="219" dir="1" index="0" bw="1" slack="0"/>
</pin_list>
<bind>
<StgValue><ssdm name=""/></StgValue>
</bind>
</comp>

<comp id="220" class="1001" name="const_220">
<pin_list>
<pin id="221" dir="1" index="0" bw="1" slack="0"/>
</pin_list>
<bind>
<StgValue><ssdm name=""/></StgValue>
</bind>
</comp>

<comp id="222" class="1001" name="const_222">
<pin_list>
<pin id="223" dir="1" index="0" bw="1" slack="0"/>
</pin_list>
<bind>
<StgValue><ssdm name=""/></StgValue>
</bind>
</comp>

<comp id="224" class="1001" name="const_224">
<pin_list>
<pin id="225" dir="1" index="0" bw="1" slack="0"/>
</pin_list>
<bind>
<StgValue><ssdm name=""/></StgValue>
</bind>
</comp>

<comp id="226" class="1001" name="const_226">
<pin_list>
<pin id="227" dir="1" index="0" bw="1" slack="0"/>
</pin_list>
<bind>
<StgValue><ssdm name=""/></StgValue>
</bind>
</comp>

<comp id="228" class="1001" name="const_228">
<pin_list>
<pin id="229" dir="1" index="0" bw="1" slack="0"/>
</pin_list>
<bind>
<StgValue><ssdm name=""/></StgValue>
</bind>
</comp>

<comp id="230" class="1001" name="const_230">
<pin_list>
<pin id="231" dir="1" index="0" bw="1" slack="0"/>
</pin_list>
<bind>
<StgValue><ssdm name=""/></StgValue>
</bind>
</comp>

<comp id="232" class="1001" name="const_232">
<pin_list>
<pin id="233" dir="1" index="0" bw="1" slack="0"/>
</pin_list>
<bind>
<StgValue><ssdm name=""/></StgValue>
</bind>
</comp>

<comp id="234" class="1001" name="const_234">
<pin_list>
<pin id="235" dir="1" index="0" bw="1" slack="0"/>
</pin_list>
<bind>
<StgValue><ssdm name=""/></StgValue>
</bind>
</comp>

<comp id="236" class="1001" name="const_236">
<pin_list>
<pin id="237" dir="1" index="0" bw="1" slack="0"/>
</pin_list>
<bind>
<StgValue><ssdm name="_ssdm_op_PartSelect.i32.i40.i32.i32"/></StgValue>
</bind>
</comp>

<comp id="238" class="1001" name="const_238">
<pin_list>
<pin id="239" dir="1" index="0" bw="1" slack="0"/>
</pin_list>
<bind>
<StgValue><ssdm name=""/></StgValue>
</bind>
</comp>

<comp id="240" class="1001" name="const_240">
<pin_list>
<pin id="241" dir="1" index="0" bw="1" slack="0"/>
</pin_list>
<bind>
<StgValue><ssdm name=""/></StgValue>
</bind>
</comp>

<comp id="242" class="1001" name="const_242">
<pin_list>
<pin id="243" dir="1" index="0" bw="1" slack="0"/>
</pin_list>
<bind>
<StgValue><ssdm name="_ssdm_op_Write.axis.volatile.i32P0A.i4P0A.i4P0A.i2P0A.i1P0A.i5P0A.i6P0A"/></StgValue>
</bind>
</comp>

<comp id="244" class="1001" name="const_244">
<pin_list>
<pin id="245" dir="1" index="0" bw="1" slack="0"/>
</pin_list>
<bind>
<StgValue><ssdm name=""/></StgValue>
</bind>
</comp>

<comp id="246" class="1001" name="const_246">
<pin_list>
<pin id="247" dir="1" index="0" bw="1" slack="0"/>
</pin_list>
<bind>
<StgValue><ssdm name=""/></StgValue>
</bind>
</comp>

<comp id="248" class="1001" name="const_248">
<pin_list>
<pin id="249" dir="1" index="0" bw="1" slack="0"/>
</pin_list>
<bind>
<StgValue><ssdm name=""/></StgValue>
</bind>
</comp>

<comp id="250" class="1001" name="const_250">
<pin_list>
<pin id="251" dir="1" index="0" bw="1" slack="0"/>
</pin_list>
<bind>
<StgValue><ssdm name=""/></StgValue>
</bind>
</comp>

<comp id="252" class="1001" name="const_252">
<pin_list>
<pin id="253" dir="1" index="0" bw="1" slack="0"/>
</pin_list>
<bind>
<StgValue><ssdm name=""/></StgValue>
</bind>
</comp>

<comp id="254" class="1001" name="const_254">
<pin_list>
<pin id="255" dir="1" index="0" bw="1" slack="0"/>
</pin_list>
<bind>
<StgValue><ssdm name="_ssdm_op_Write.ap_auto.i32P0A"/></StgValue>
</bind>
</comp>

<comp id="256" class="1004" name="tmp_read_fu_256">
<pin_list>
<pin id="257" dir="0" index="0" bw="1" slack="0"/>
<pin id="258" dir="0" index="1" bw="1" slack="0"/>
<pin id="259" dir="1" index="2" bw="1" slack="1"/>
</pin_list>
<bind>
<opcode="read(1150) " fcode="read"/>
<opset="tmp/1 "/>
</bind>
</comp>

<comp id="262" class="1004" name="tmp_1_read_fu_262">
<pin_list>
<pin id="263" dir="0" index="0" bw="1" slack="0"/>
<pin id="264" dir="0" index="1" bw="1" slack="0"/>
<pin id="265" dir="1" index="2" bw="1" slack="1"/>
</pin_list>
<bind>
<opcode="read(1150) " fcode="read"/>
<opset="tmp_1/1 "/>
</bind>
</comp>

<comp id="268" class="1004" name="tmp_2_read_fu_268">
<pin_list>
<pin id="269" dir="0" index="0" bw="1" slack="0"/>
<pin id="270" dir="0" index="1" bw="1" slack="0"/>
<pin id="271" dir="1" index="2" bw="1" slack="1"/>
</pin_list>
<bind>
<opcode="read(1150) " fcode="read"/>
<opset="tmp_2/1 "/>
</bind>
</comp>

<comp id="274" class="1004" name="tmp_3_read_fu_274">
<pin_list>
<pin id="275" dir="0" index="0" bw="1" slack="0"/>
<pin id="276" dir="0" index="1" bw="1" slack="0"/>
<pin id="277" dir="1" index="2" bw="1" slack="0"/>
</pin_list>
<bind>
<opcode="read(1150) " fcode="read"/>
<opset="tmp_3/1 "/>
</bind>
</comp>

<comp id="280" class="1004" name="tmp_4_read_fu_280">
<pin_list>
<pin id="281" dir="0" index="0" bw="1" slack="0"/>
<pin id="282" dir="0" index="1" bw="1" slack="0"/>
<pin id="283" dir="1" index="2" bw="1" slack="0"/>
</pin_list>
<bind>
<opcode="read(1150) " fcode="read"/>
<opset="tmp_4/1 "/>
</bind>
</comp>

<comp id="286" class="1004" name="tmp_5_read_fu_286">
<pin_list>
<pin id="287" dir="0" index="0" bw="1" slack="0"/>
<pin id="288" dir="0" index="1" bw="1" slack="0"/>
<pin id="289" dir="1" index="2" bw="1" slack="0"/>
</pin_list>
<bind>
<opcode="read(1150) " fcode="read"/>
<opset="tmp_5/1 "/>
</bind>
</comp>

<comp id="292" class="1004" name="tmp_6_read_fu_292">
<pin_list>
<pin id="293" dir="0" index="0" bw="1" slack="0"/>
<pin id="294" dir="0" index="1" bw="1" slack="0"/>
<pin id="295" dir="1" index="2" bw="1" slack="0"/>
</pin_list>
<bind>
<opcode="read(1150) " fcode="read"/>
<opset="tmp_6/1 "/>
</bind>
</comp>

<comp id="298" class="1004" name="tmp_7_read_fu_298">
<pin_list>
<pin id="299" dir="0" index="0" bw="1" slack="0"/>
<pin id="300" dir="0" index="1" bw="1" slack="0"/>
<pin id="301" dir="1" index="2" bw="1" slack="0"/>
</pin_list>
<bind>
<opcode="read(1150) " fcode="read"/>
<opset="tmp_7/1 "/>
</bind>
</comp>

<comp id="304" class="1004" name="active_14_read_read_fu_304">
<pin_list>
<pin id="305" dir="0" index="0" bw="4" slack="0"/>
<pin id="306" dir="0" index="1" bw="4" slack="0"/>
<pin id="307" dir="1" index="2" bw="4" slack="0"/>
</pin_list>
<bind>
<opcode="read(1150) " fcode="read"/>
<opset="active_14_read/1 "/>
</bind>
</comp>

<comp id="310" class="1004" name="empty_27_read_fu_310">
<pin_list>
<pin id="311" dir="0" index="0" bw="54" slack="0"/>
<pin id="312" dir="0" index="1" bw="32" slack="0"/>
<pin id="313" dir="0" index="2" bw="4" slack="0"/>
<pin id="314" dir="0" index="3" bw="4" slack="0"/>
<pin id="315" dir="0" index="4" bw="2" slack="0"/>
<pin id="316" dir="0" index="5" bw="1" slack="0"/>
<pin id="317" dir="0" index="6" bw="5" slack="0"/>
<pin id="318" dir="0" index="7" bw="6" slack="0"/>
<pin id="319" dir="1" index="8" bw="54" slack="0"/>
</pin_list>
<bind>
<opcode="read(1150) " fcode="read"/>
<opset="empty_27/1 "/>
</bind>
</comp>

<comp id="328" class="1004" name="empty_28_read_fu_328">
<pin_list>
<pin id="329" dir="0" index="0" bw="54" slack="0"/>
<pin id="330" dir="0" index="1" bw="32" slack="0"/>
<pin id="331" dir="0" index="2" bw="4" slack="0"/>
<pin id="332" dir="0" index="3" bw="4" slack="0"/>
<pin id="333" dir="0" index="4" bw="2" slack="0"/>
<pin id="334" dir="0" index="5" bw="1" slack="0"/>
<pin id="335" dir="0" index="6" bw="5" slack="0"/>
<pin id="336" dir="0" index="7" bw="6" slack="0"/>
<pin id="337" dir="1" index="8" bw="54" slack="0"/>
</pin_list>
<bind>
<opcode="read(1150) " fcode="read"/>
<opset="empty_28/1 "/>
</bind>
</comp>

<comp id="346" class="1004" name="empty_29_read_fu_346">
<pin_list>
<pin id="347" dir="0" index="0" bw="54" slack="0"/>
<pin id="348" dir="0" index="1" bw="32" slack="0"/>
<pin id="349" dir="0" index="2" bw="4" slack="0"/>
<pin id="350" dir="0" index="3" bw="4" slack="0"/>
<pin id="351" dir="0" index="4" bw="2" slack="0"/>
<pin id="352" dir="0" index="5" bw="1" slack="0"/>
<pin id="353" dir="0" index="6" bw="5" slack="0"/>
<pin id="354" dir="0" index="7" bw="6" slack="0"/>
<pin id="355" dir="1" index="8" bw="54" slack="0"/>
</pin_list>
<bind>
<opcode="read(1150) " fcode="read"/>
<opset="empty_29/1 "/>
</bind>
</comp>

<comp id="364" class="1004" name="empty_30_read_fu_364">
<pin_list>
<pin id="365" dir="0" index="0" bw="54" slack="0"/>
<pin id="366" dir="0" index="1" bw="32" slack="0"/>
<pin id="367" dir="0" index="2" bw="4" slack="0"/>
<pin id="368" dir="0" index="3" bw="4" slack="0"/>
<pin id="369" dir="0" index="4" bw="2" slack="0"/>
<pin id="370" dir="0" index="5" bw="1" slack="0"/>
<pin id="371" dir="0" index="6" bw="5" slack="0"/>
<pin id="372" dir="0" index="7" bw="6" slack="0"/>
<pin id="373" dir="1" index="8" bw="54" slack="0"/>
</pin_list>
<bind>
<opcode="read(1150) " fcode="read"/>
<opset="empty_30/1 "/>
</bind>
</comp>

<comp id="382" class="1004" name="empty_31_read_fu_382">
<pin_list>
<pin id="383" dir="0" index="0" bw="54" slack="0"/>
<pin id="384" dir="0" index="1" bw="32" slack="0"/>
<pin id="385" dir="0" index="2" bw="4" slack="0"/>
<pin id="386" dir="0" index="3" bw="4" slack="0"/>
<pin id="387" dir="0" index="4" bw="2" slack="0"/>
<pin id="388" dir="0" index="5" bw="1" slack="0"/>
<pin id="389" dir="0" index="6" bw="5" slack="0"/>
<pin id="390" dir="0" index="7" bw="6" slack="0"/>
<pin id="391" dir="1" index="8" bw="54" slack="0"/>
</pin_list>
<bind>
<opcode="read(1150) " fcode="read"/>
<opset="empty_31/1 "/>
</bind>
</comp>

<comp id="400" class="1004" name="empty_32_read_fu_400">
<pin_list>
<pin id="401" dir="0" index="0" bw="54" slack="0"/>
<pin id="402" dir="0" index="1" bw="32" slack="0"/>
<pin id="403" dir="0" index="2" bw="4" slack="0"/>
<pin id="404" dir="0" index="3" bw="4" slack="0"/>
<pin id="405" dir="0" index="4" bw="2" slack="0"/>
<pin id="406" dir="0" index="5" bw="1" slack="0"/>
<pin id="407" dir="0" index="6" bw="5" slack="0"/>
<pin id="408" dir="0" index="7" bw="6" slack="0"/>
<pin id="409" dir="1" index="8" bw="54" slack="0"/>
</pin_list>
<bind>
<opcode="read(1150) " fcode="read"/>
<opset="empty_32/1 "/>
</bind>
</comp>

<comp id="418" class="1004" name="empty_33_read_fu_418">
<pin_list>
<pin id="419" dir="0" index="0" bw="54" slack="0"/>
<pin id="420" dir="0" index="1" bw="32" slack="0"/>
<pin id="421" dir="0" index="2" bw="4" slack="0"/>
<pin id="422" dir="0" index="3" bw="4" slack="0"/>
<pin id="423" dir="0" index="4" bw="2" slack="0"/>
<pin id="424" dir="0" index="5" bw="1" slack="0"/>
<pin id="425" dir="0" index="6" bw="5" slack="0"/>
<pin id="426" dir="0" index="7" bw="6" slack="0"/>
<pin id="427" dir="1" index="8" bw="54" slack="0"/>
</pin_list>
<bind>
<opcode="read(1150) " fcode="read"/>
<opset="empty_33/1 "/>
</bind>
</comp>

<comp id="436" class="1004" name="empty_34_read_fu_436">
<pin_list>
<pin id="437" dir="0" index="0" bw="54" slack="0"/>
<pin id="438" dir="0" index="1" bw="32" slack="0"/>
<pin id="439" dir="0" index="2" bw="4" slack="0"/>
<pin id="440" dir="0" index="3" bw="4" slack="0"/>
<pin id="441" dir="0" index="4" bw="2" slack="0"/>
<pin id="442" dir="0" index="5" bw="1" slack="0"/>
<pin id="443" dir="0" index="6" bw="5" slack="0"/>
<pin id="444" dir="0" index="7" bw="6" slack="0"/>
<pin id="445" dir="1" index="8" bw="54" slack="0"/>
</pin_list>
<bind>
<opcode="read(1150) " fcode="read"/>
<opset="empty_34/1 "/>
</bind>
</comp>

<comp id="454" class="1004" name="write_ln74_write_fu_454">
<pin_list>
<pin id="455" dir="0" index="0" bw="0" slack="0"/>
<pin id="456" dir="0" index="1" bw="32" slack="0"/>
<pin id="457" dir="0" index="2" bw="4" slack="0"/>
<pin id="458" dir="0" index="3" bw="4" slack="0"/>
<pin id="459" dir="0" index="4" bw="2" slack="0"/>
<pin id="460" dir="0" index="5" bw="1" slack="0"/>
<pin id="461" dir="0" index="6" bw="5" slack="0"/>
<pin id="462" dir="0" index="7" bw="6" slack="0"/>
<pin id="463" dir="0" index="8" bw="32" slack="0"/>
<pin id="464" dir="0" index="9" bw="1" slack="0"/>
<pin id="465" dir="0" index="10" bw="1" slack="0"/>
<pin id="466" dir="0" index="11" bw="1" slack="0"/>
<pin id="467" dir="0" index="12" bw="1" slack="0"/>
<pin id="468" dir="0" index="13" bw="1" slack="0"/>
<pin id="469" dir="0" index="14" bw="1" slack="0"/>
<pin id="470" dir="1" index="15" bw="0" slack="2147483647"/>
</pin_list>
<bind>
<opcode="write(1151) " fcode="write"/>
<opset="write_ln74/3 "/>
</bind>
</comp>

<comp id="485" class="1004" name="write_ln65_write_fu_485">
<pin_list>
<pin id="486" dir="0" index="0" bw="0" slack="0"/>
<pin id="487" dir="0" index="1" bw="32" slack="0"/>
<pin id="488" dir="0" index="2" bw="32" slack="0"/>
<pin id="489" dir="1" index="3" bw="0" slack="2147483647"/>
</pin_list>
<bind>
<opcode="write(1151) " fcode="write"/>
<opset="write_ln65/3 "/>
</bind>
</comp>

<comp id="492" class="1005" name="out_pkt_data_reg_492">
<pin_list>
<pin id="493" dir="0" index="0" bw="32" slack="2"/>
<pin id="494" dir="1" index="1" bw="32" slack="2"/>
</pin_list>
<bind>
<opset="out_pkt_data (phireg) "/>
</bind>
</comp>

<comp id="496" class="1004" name="out_pkt_data_phi_fu_496">
<pin_list>
<pin id="497" dir="0" index="0" bw="32" slack="0"/>
<pin id="498" dir="0" index="1" bw="0" slack="2147483647"/>
<pin id="499" dir="0" index="2" bw="1" slack="2"/>
<pin id="500" dir="0" index="3" bw="0" slack="2147483647"/>
<pin id="501" dir="1" index="4" bw="32" slack="0"/>
</pin_list>
<bind>
<opcode="phi(47) " fcode="phi"/>
<opset="out_pkt_data/3 "/>
</bind>
</comp>

<comp id="505" class="1004" name="mul_ln65_fu_505">
<pin_list>
<pin id="506" dir="0" index="0" bw="9" slack="0"/>
<pin id="507" dir="0" index="1" bw="32" slack="0"/>
<pin id="508" dir="1" index="2" bw="40" slack="0"/>
</pin_list>
<bind>
<opcode="mul(12) " fcode="mul"/>
<opset="mul_ln65/3 "/>
</bind>
</comp>

<comp id="509" class="1004" name="icmp_ln65_fu_509">
<pin_list>
<pin id="510" dir="0" index="0" bw="4" slack="0"/>
<pin id="511" dir="0" index="1" bw="4" slack="0"/>
<pin id="512" dir="1" index="2" bw="1" slack="1"/>
</pin_list>
<bind>
<opcode="icmp(45) " fcode="icmp"/>
<opset="icmp_ln65/1 "/>
</bind>
</comp>

<comp id="515" class="1004" name="s0_data_fu_515">
<pin_list>
<pin id="516" dir="0" index="0" bw="54" slack="0"/>
<pin id="517" dir="1" index="1" bw="32" slack="0"/>
</pin_list>
<bind>
<opcode="extractvalue(56) " fcode="extractvalue"/>
<opset="s0_data/1 "/>
</bind>
</comp>

<comp id="519" class="1004" name="s0_last_fu_519">
<pin_list>
<pin id="520" dir="0" index="0" bw="54" slack="0"/>
<pin id="521" dir="1" index="1" bw="1" slack="0"/>
</pin_list>
<bind>
<opcode="extractvalue(56) " fcode="extractvalue"/>
<opset="s0_last/1 "/>
</bind>
</comp>

<comp id="523" class="1004" name="s1_data_fu_523">
<pin_list>
<pin id="524" dir="0" index="0" bw="54" slack="0"/>
<pin id="525" dir="1" index="1" bw="32" slack="0"/>
</pin_list>
<bind>
<opcode="extractvalue(56) " fcode="extractvalue"/>
<opset="s1_data/1 "/>
</bind>
</comp>

<comp id="527" class="1004" name="s1_last_fu_527">
<pin_list>
<pin id="528" dir="0" index="0" bw="54" slack="0"/>
<pin id="529" dir="1" index="1" bw="1" slack="0"/>
</pin_list>
<bind>
<opcode="extractvalue(56) " fcode="extractvalue"/>
<opset="s1_last/1 "/>
</bind>
</comp>

<comp id="531" class="1004" name="s2_data_fu_531">
<pin_list>
<pin id="532" dir="0" index="0" bw="54" slack="0"/>
<pin id="533" dir="1" index="1" bw="32" slack="0"/>
</pin_list>
<bind>
<opcode="extractvalue(56) " fcode="extractvalue"/>
<opset="s2_data/1 "/>
</bind>
</comp>

<comp id="535" class="1004" name="s2_last_fu_535">
<pin_list>
<pin id="536" dir="0" index="0" bw="54" slack="0"/>
<pin id="537" dir="1" index="1" bw="1" slack="0"/>
</pin_list>
<bind>
<opcode="extractvalue(56) " fcode="extractvalue"/>
<opset="s2_last/1 "/>
</bind>
</comp>

<comp id="539" class="1004" name="s3_data_fu_539">
<pin_list>
<pin id="540" dir="0" index="0" bw="54" slack="0"/>
<pin id="541" dir="1" index="1" bw="32" slack="0"/>
</pin_list>
<bind>
<opcode="extractvalue(56) " fcode="extractvalue"/>
<opset="s3_data/1 "/>
</bind>
</comp>

<comp id="543" class="1004" name="s3_last_fu_543">
<pin_list>
<pin id="544" dir="0" index="0" bw="54" slack="0"/>
<pin id="545" dir="1" index="1" bw="1" slack="0"/>
</pin_list>
<bind>
<opcode="extractvalue(56) " fcode="extractvalue"/>
<opset="s3_last/1 "/>
</bind>
</comp>

<comp id="547" class="1004" name="s4_data_fu_547">
<pin_list>
<pin id="548" dir="0" index="0" bw="54" slack="0"/>
<pin id="549" dir="1" index="1" bw="32" slack="0"/>
</pin_list>
<bind>
<opcode="extractvalue(56) " fcode="extractvalue"/>
<opset="s4_data/1 "/>
</bind>
</comp>

<comp id="551" class="1004" name="s4_last_fu_551">
<pin_list>
<pin id="552" dir="0" index="0" bw="54" slack="0"/>
<pin id="553" dir="1" index="1" bw="1" slack="0"/>
</pin_list>
<bind>
<opcode="extractvalue(56) " fcode="extractvalue"/>
<opset="s4_last/1 "/>
</bind>
</comp>

<comp id="555" class="1004" name="s5_last_fu_555">
<pin_list>
<pin id="556" dir="0" index="0" bw="54" slack="0"/>
<pin id="557" dir="1" index="1" bw="1" slack="0"/>
</pin_list>
<bind>
<opcode="extractvalue(56) " fcode="extractvalue"/>
<opset="s5_last/1 "/>
</bind>
</comp>

<comp id="559" class="1004" name="s6_last_fu_559">
<pin_list>
<pin id="560" dir="0" index="0" bw="54" slack="0"/>
<pin id="561" dir="1" index="1" bw="1" slack="0"/>
</pin_list>
<bind>
<opcode="extractvalue(56) " fcode="extractvalue"/>
<opset="s6_last/1 "/>
</bind>
</comp>

<comp id="563" class="1004" name="s7_last_fu_563">
<pin_list>
<pin id="564" dir="0" index="0" bw="54" slack="0"/>
<pin id="565" dir="1" index="1" bw="1" slack="0"/>
</pin_list>
<bind>
<opcode="extractvalue(56) " fcode="extractvalue"/>
<opset="s7_last/1 "/>
</bind>
</comp>

<comp id="567" class="1004" name="mix_int_fu_567">
<pin_list>
<pin id="568" dir="0" index="0" bw="1" slack="0"/>
<pin id="569" dir="0" index="1" bw="32" slack="0"/>
<pin id="570" dir="0" index="2" bw="32" slack="0"/>
<pin id="571" dir="1" index="3" bw="32" slack="0"/>
</pin_list>
<bind>
<opcode="select(49) " fcode="select"/>
<opset="mix_int/1 "/>
</bind>
</comp>

<comp id="575" class="1004" name="mix_int_1_fu_575">
<pin_list>
<pin id="576" dir="0" index="0" bw="32" slack="0"/>
<pin id="577" dir="0" index="1" bw="32" slack="0"/>
<pin id="578" dir="1" index="2" bw="32" slack="0"/>
</pin_list>
<bind>
<opcode="add(8) " fcode="add"/>
<opset="mix_int_1/1 "/>
</bind>
</comp>

<comp id="581" class="1004" name="mix_int_2_fu_581">
<pin_list>
<pin id="582" dir="0" index="0" bw="1" slack="0"/>
<pin id="583" dir="0" index="1" bw="32" slack="0"/>
<pin id="584" dir="0" index="2" bw="32" slack="0"/>
<pin id="585" dir="1" index="3" bw="32" slack="0"/>
</pin_list>
<bind>
<opcode="select(49) " fcode="select"/>
<opset="mix_int_2/1 "/>
</bind>
</comp>

<comp id="589" class="1004" name="mix_int_3_fu_589">
<pin_list>
<pin id="590" dir="0" index="0" bw="32" slack="0"/>
<pin id="591" dir="0" index="1" bw="32" slack="0"/>
<pin id="592" dir="1" index="2" bw="32" slack="0"/>
</pin_list>
<bind>
<opcode="add(8) " fcode="add"/>
<opset="mix_int_3/1 "/>
</bind>
</comp>

<comp id="595" class="1004" name="mix_int_4_fu_595">
<pin_list>
<pin id="596" dir="0" index="0" bw="1" slack="0"/>
<pin id="597" dir="0" index="1" bw="32" slack="0"/>
<pin id="598" dir="0" index="2" bw="32" slack="0"/>
<pin id="599" dir="1" index="3" bw="32" slack="0"/>
</pin_list>
<bind>
<opcode="select(49) " fcode="select"/>
<opset="mix_int_4/1 "/>
</bind>
</comp>

<comp id="603" class="1004" name="mix_int_5_fu_603">
<pin_list>
<pin id="604" dir="0" index="0" bw="32" slack="0"/>
<pin id="605" dir="0" index="1" bw="32" slack="0"/>
<pin id="606" dir="1" index="2" bw="32" slack="0"/>
</pin_list>
<bind>
<opcode="add(8) " fcode="add"/>
<opset="mix_int_5/1 "/>
</bind>
</comp>

<comp id="609" class="1004" name="mix_int_6_fu_609">
<pin_list>
<pin id="610" dir="0" index="0" bw="1" slack="0"/>
<pin id="611" dir="0" index="1" bw="32" slack="0"/>
<pin id="612" dir="0" index="2" bw="32" slack="0"/>
<pin id="613" dir="1" index="3" bw="32" slack="0"/>
</pin_list>
<bind>
<opcode="select(49) " fcode="select"/>
<opset="mix_int_6/1 "/>
</bind>
</comp>

<comp id="617" class="1004" name="mix_int_7_fu_617">
<pin_list>
<pin id="618" dir="0" index="0" bw="32" slack="0"/>
<pin id="619" dir="0" index="1" bw="32" slack="0"/>
<pin id="620" dir="1" index="2" bw="32" slack="0"/>
</pin_list>
<bind>
<opcode="add(8) " fcode="add"/>
<opset="mix_int_7/1 "/>
</bind>
</comp>

<comp id="623" class="1004" name="mix_int_8_fu_623">
<pin_list>
<pin id="624" dir="0" index="0" bw="1" slack="0"/>
<pin id="625" dir="0" index="1" bw="32" slack="0"/>
<pin id="626" dir="0" index="2" bw="32" slack="0"/>
<pin id="627" dir="1" index="3" bw="32" slack="1"/>
</pin_list>
<bind>
<opcode="select(49) " fcode="select"/>
<opset="mix_int_8/1 "/>
</bind>
</comp>

<comp id="631" class="1004" name="or_ln69_fu_631">
<pin_list>
<pin id="632" dir="0" index="0" bw="1" slack="0"/>
<pin id="633" dir="0" index="1" bw="1" slack="0"/>
<pin id="634" dir="1" index="2" bw="1" slack="0"/>
</pin_list>
<bind>
<opcode="or(24) " fcode="or"/>
<opset="or_ln69/1 "/>
</bind>
</comp>

<comp id="637" class="1004" name="or_ln69_1_fu_637">
<pin_list>
<pin id="638" dir="0" index="0" bw="1" slack="0"/>
<pin id="639" dir="0" index="1" bw="1" slack="0"/>
<pin id="640" dir="1" index="2" bw="1" slack="0"/>
</pin_list>
<bind>
<opcode="or(24) " fcode="or"/>
<opset="or_ln69_1/1 "/>
</bind>
</comp>

<comp id="643" class="1004" name="or_ln69_2_fu_643">
<pin_list>
<pin id="644" dir="0" index="0" bw="1" slack="0"/>
<pin id="645" dir="0" index="1" bw="1" slack="0"/>
<pin id="646" dir="1" index="2" bw="1" slack="0"/>
</pin_list>
<bind>
<opcode="or(24) " fcode="or"/>
<opset="or_ln69_2/1 "/>
</bind>
</comp>

<comp id="649" class="1004" name="or_ln69_3_fu_649">
<pin_list>
<pin id="650" dir="0" index="0" bw="1" slack="0"/>
<pin id="651" dir="0" index="1" bw="1" slack="0"/>
<pin id="652" dir="1" index="2" bw="1" slack="0"/>
</pin_list>
<bind>
<opcode="or(24) " fcode="or"/>
<opset="or_ln69_3/1 "/>
</bind>
</comp>

<comp id="655" class="1004" name="or_ln69_4_fu_655">
<pin_list>
<pin id="656" dir="0" index="0" bw="1" slack="0"/>
<pin id="657" dir="0" index="1" bw="1" slack="0"/>
<pin id="658" dir="1" index="2" bw="1" slack="0"/>
</pin_list>
<bind>
<opcode="or(24) " fcode="or"/>
<opset="or_ln69_4/1 "/>
</bind>
</comp>

<comp id="661" class="1004" name="or_ln69_5_fu_661">
<pin_list>
<pin id="662" dir="0" index="0" bw="1" slack="0"/>
<pin id="663" dir="0" index="1" bw="1" slack="0"/>
<pin id="664" dir="1" index="2" bw="1" slack="0"/>
</pin_list>
<bind>
<opcode="or(24) " fcode="or"/>
<opset="or_ln69_5/1 "/>
</bind>
</comp>

<comp id="667" class="1004" name="or_ln69_6_fu_667">
<pin_list>
<pin id="668" dir="0" index="0" bw="1" slack="0"/>
<pin id="669" dir="0" index="1" bw="1" slack="0"/>
<pin id="670" dir="1" index="2" bw="1" slack="2"/>
</pin_list>
<bind>
<opcode="or(24) " fcode="or"/>
<opset="or_ln69_6/1 "/>
</bind>
</comp>

<comp id="673" class="1004" name="s5_data_fu_673">
<pin_list>
<pin id="674" dir="0" index="0" bw="54" slack="1"/>
<pin id="675" dir="1" index="1" bw="32" slack="0"/>
</pin_list>
<bind>
<opcode="extractvalue(56) " fcode="extractvalue"/>
<opset="s5_data/2 "/>
</bind>
</comp>

<comp id="676" class="1004" name="s6_data_fu_676">
<pin_list>
<pin id="677" dir="0" index="0" bw="54" slack="1"/>
<pin id="678" dir="1" index="1" bw="32" slack="0"/>
</pin_list>
<bind>
<opcode="extractvalue(56) " fcode="extractvalue"/>
<opset="s6_data/2 "/>
</bind>
</comp>

<comp id="679" class="1004" name="s7_data_fu_679">
<pin_list>
<pin id="680" dir="0" index="0" bw="54" slack="1"/>
<pin id="681" dir="1" index="1" bw="32" slack="0"/>
</pin_list>
<bind>
<opcode="extractvalue(56) " fcode="extractvalue"/>
<opset="s7_data/2 "/>
</bind>
</comp>

<comp id="682" class="1004" name="mix_int_9_fu_682">
<pin_list>
<pin id="683" dir="0" index="0" bw="32" slack="0"/>
<pin id="684" dir="0" index="1" bw="32" slack="1"/>
<pin id="685" dir="1" index="2" bw="32" slack="0"/>
</pin_list>
<bind>
<opcode="add(8) " fcode="add"/>
<opset="mix_int_9/2 "/>
</bind>
</comp>

<comp id="687" class="1004" name="mix_int_10_fu_687">
<pin_list>
<pin id="688" dir="0" index="0" bw="1" slack="1"/>
<pin id="689" dir="0" index="1" bw="32" slack="0"/>
<pin id="690" dir="0" index="2" bw="32" slack="1"/>
<pin id="691" dir="1" index="3" bw="32" slack="0"/>
</pin_list>
<bind>
<opcode="select(49) " fcode="select"/>
<opset="mix_int_10/2 "/>
</bind>
</comp>

<comp id="693" class="1004" name="mix_int_11_fu_693">
<pin_list>
<pin id="694" dir="0" index="0" bw="32" slack="0"/>
<pin id="695" dir="0" index="1" bw="32" slack="0"/>
<pin id="696" dir="1" index="2" bw="32" slack="0"/>
</pin_list>
<bind>
<opcode="add(8) " fcode="add"/>
<opset="mix_int_11/2 "/>
</bind>
</comp>

<comp id="699" class="1004" name="mix_int_12_fu_699">
<pin_list>
<pin id="700" dir="0" index="0" bw="1" slack="1"/>
<pin id="701" dir="0" index="1" bw="32" slack="0"/>
<pin id="702" dir="0" index="2" bw="32" slack="0"/>
<pin id="703" dir="1" index="3" bw="32" slack="0"/>
</pin_list>
<bind>
<opcode="select(49) " fcode="select"/>
<opset="mix_int_12/2 "/>
</bind>
</comp>

<comp id="706" class="1004" name="mix_int_13_fu_706">
<pin_list>
<pin id="707" dir="0" index="0" bw="32" slack="0"/>
<pin id="708" dir="0" index="1" bw="32" slack="0"/>
<pin id="709" dir="1" index="2" bw="32" slack="0"/>
</pin_list>
<bind>
<opcode="add(8) " fcode="add"/>
<opset="mix_int_13/2 "/>
</bind>
</comp>

<comp id="712" class="1004" name="mix_int_14_fu_712">
<pin_list>
<pin id="713" dir="0" index="0" bw="1" slack="1"/>
<pin id="714" dir="0" index="1" bw="32" slack="0"/>
<pin id="715" dir="0" index="2" bw="32" slack="0"/>
<pin id="716" dir="1" index="3" bw="32" slack="1"/>
</pin_list>
<bind>
<opcode="select(49) " fcode="select"/>
<opset="mix_int_14/2 "/>
</bind>
</comp>

<comp id="719" class="1004" name="sext_ln65_fu_719">
<pin_list>
<pin id="720" dir="0" index="0" bw="32" slack="1"/>
<pin id="721" dir="1" index="1" bw="40" slack="0"/>
</pin_list>
<bind>
<opcode="sext(35) " fcode="sext"/>
<opset="sext_ln65/3 "/>
</bind>
</comp>

<comp id="723" class="1004" name="zext_ln65_cast_fu_723">
<pin_list>
<pin id="724" dir="0" index="0" bw="9" slack="0"/>
<pin id="725" dir="0" index="1" bw="4" slack="0"/>
<pin id="726" dir="0" index="2" bw="9" slack="0"/>
<pin id="727" dir="0" index="3" bw="4" slack="0"/>
<pin id="728" dir="0" index="4" bw="9" slack="0"/>
<pin id="729" dir="0" index="5" bw="4" slack="0"/>
<pin id="730" dir="0" index="6" bw="9" slack="0"/>
<pin id="731" dir="0" index="7" bw="4" slack="0"/>
<pin id="732" dir="0" index="8" bw="9" slack="0"/>
<pin id="733" dir="0" index="9" bw="4" slack="0"/>
<pin id="734" dir="0" index="10" bw="9" slack="0"/>
<pin id="735" dir="0" index="11" bw="4" slack="0"/>
<pin id="736" dir="0" index="12" bw="9" slack="0"/>
<pin id="737" dir="0" index="13" bw="4" slack="0"/>
<pin id="738" dir="0" index="14" bw="9" slack="0"/>
<pin id="739" dir="0" index="15" bw="4" slack="0"/>
<pin id="740" dir="0" index="16" bw="9" slack="0"/>
<pin id="741" dir="0" index="17" bw="9" slack="0"/>
<pin id="742" dir="0" index="18" bw="4" slack="2"/>
<pin id="743" dir="1" index="19" bw="9" slack="0"/>
</pin_list>
<bind>
<opcode="sparsemux(1197) " fcode="sparsemux"/>
<opset="zext_ln65_cast/3 "/>
</bind>
</comp>

<comp id="762" class="1004" name="zext_ln65_fu_762">
<pin_list>
<pin id="763" dir="0" index="0" bw="9" slack="0"/>
<pin id="764" dir="1" index="1" bw="40" slack="0"/>
</pin_list>
<bind>
<opcode="zext(34) " fcode="zext"/>
<opset="zext_ln65/3 "/>
</bind>
</comp>

<comp id="767" class="1004" name="trunc_ln_fu_767">
<pin_list>
<pin id="768" dir="0" index="0" bw="32" slack="0"/>
<pin id="769" dir="0" index="1" bw="40" slack="0"/>
<pin id="770" dir="0" index="2" bw="5" slack="0"/>
<pin id="771" dir="0" index="3" bw="7" slack="0"/>
<pin id="772" dir="1" index="4" bw="32" slack="0"/>
</pin_list>
<bind>
<opcode="partselect(1002) " fcode="partselect"/>
<opset="trunc_ln/3 "/>
</bind>
</comp>

<comp id="778" class="1005" name="tmp_reg_778">
<pin_list>
<pin id="779" dir="0" index="0" bw="1" slack="1"/>
<pin id="780" dir="1" index="1" bw="1" slack="1"/>
</pin_list>
<bind>
<opset="tmp "/>
</bind>
</comp>

<comp id="783" class="1005" name="tmp_1_reg_783">
<pin_list>
<pin id="784" dir="0" index="0" bw="1" slack="1"/>
<pin id="785" dir="1" index="1" bw="1" slack="1"/>
</pin_list>
<bind>
<opset="tmp_1 "/>
</bind>
</comp>

<comp id="788" class="1005" name="tmp_2_reg_788">
<pin_list>
<pin id="789" dir="0" index="0" bw="1" slack="1"/>
<pin id="790" dir="1" index="1" bw="1" slack="1"/>
</pin_list>
<bind>
<opset="tmp_2 "/>
</bind>
</comp>

<comp id="808" class="1005" name="active_14_read_reg_808">
<pin_list>
<pin id="809" dir="0" index="0" bw="4" slack="2"/>
<pin id="810" dir="1" index="1" bw="4" slack="2"/>
</pin_list>
<bind>
<opset="active_14_read "/>
</bind>
</comp>

<comp id="813" class="1005" name="icmp_ln65_reg_813">
<pin_list>
<pin id="814" dir="0" index="0" bw="1" slack="1"/>
<pin id="815" dir="1" index="1" bw="1" slack="2147483647"/>
</pin_list>
<bind>
<opset="icmp_ln65 "/>
</bind>
</comp>

<comp id="817" class="1005" name="empty_32_reg_817">
<pin_list>
<pin id="818" dir="0" index="0" bw="54" slack="1"/>
<pin id="819" dir="1" index="1" bw="54" slack="1"/>
</pin_list>
<bind>
<opset="empty_32 "/>
</bind>
</comp>

<comp id="822" class="1005" name="empty_33_reg_822">
<pin_list>
<pin id="823" dir="0" index="0" bw="54" slack="1"/>
<pin id="824" dir="1" index="1" bw="54" slack="1"/>
</pin_list>
<bind>
<opset="empty_33 "/>
</bind>
</comp>

<comp id="827" class="1005" name="empty_34_reg_827">
<pin_list>
<pin id="828" dir="0" index="0" bw="54" slack="1"/>
<pin id="829" dir="1" index="1" bw="54" slack="1"/>
</pin_list>
<bind>
<opset="empty_34 "/>
</bind>
</comp>

<comp id="832" class="1005" name="mix_int_8_reg_832">
<pin_list>
<pin id="833" dir="0" index="0" bw="32" slack="1"/>
<pin id="834" dir="1" index="1" bw="32" slack="1"/>
</pin_list>
<bind>
<opset="mix_int_8 "/>
</bind>
</comp>

<comp id="838" class="1005" name="or_ln69_6_reg_838">
<pin_list>
<pin id="839" dir="0" index="0" bw="1" slack="2"/>
<pin id="840" dir="1" index="1" bw="1" slack="2147483647"/>
</pin_list>
<bind>
<opset="or_ln69_6 "/>
</bind>
</comp>

<comp id="842" class="1005" name="mix_int_14_reg_842">
<pin_list>
<pin id="843" dir="0" index="0" bw="32" slack="1"/>
<pin id="844" dir="1" index="1" bw="32" slack="1"/>
</pin_list>
<bind>
<opset="mix_int_14 "/>
</bind>
</comp>

</comp_list>

<net_list>
<net id="260"><net_src comp="178" pin="0"/><net_sink comp="256" pin=0"/></net>

<net id="261"><net_src comp="142" pin="0"/><net_sink comp="256" pin=1"/></net>

<net id="266"><net_src comp="178" pin="0"/><net_sink comp="262" pin=0"/></net>

<net id="267"><net_src comp="140" pin="0"/><net_sink comp="262" pin=1"/></net>

<net id="272"><net_src comp="178" pin="0"/><net_sink comp="268" pin=0"/></net>

<net id="273"><net_src comp="138" pin="0"/><net_sink comp="268" pin=1"/></net>

<net id="278"><net_src comp="178" pin="0"/><net_sink comp="274" pin=0"/></net>

<net id="279"><net_src comp="136" pin="0"/><net_sink comp="274" pin=1"/></net>

<net id="284"><net_src comp="178" pin="0"/><net_sink comp="280" pin=0"/></net>

<net id="285"><net_src comp="134" pin="0"/><net_sink comp="280" pin=1"/></net>

<net id="290"><net_src comp="178" pin="0"/><net_sink comp="286" pin=0"/></net>

<net id="291"><net_src comp="132" pin="0"/><net_sink comp="286" pin=1"/></net>

<net id="296"><net_src comp="178" pin="0"/><net_sink comp="292" pin=0"/></net>

<net id="297"><net_src comp="130" pin="0"/><net_sink comp="292" pin=1"/></net>

<net id="302"><net_src comp="178" pin="0"/><net_sink comp="298" pin=0"/></net>

<net id="303"><net_src comp="128" pin="0"/><net_sink comp="298" pin=1"/></net>

<net id="308"><net_src comp="180" pin="0"/><net_sink comp="304" pin=0"/></net>

<net id="309"><net_src comp="0" pin="0"/><net_sink comp="304" pin=1"/></net>

<net id="320"><net_src comp="184" pin="0"/><net_sink comp="310" pin=0"/></net>

<net id="321"><net_src comp="16" pin="0"/><net_sink comp="310" pin=1"/></net>

<net id="322"><net_src comp="18" pin="0"/><net_sink comp="310" pin=2"/></net>

<net id="323"><net_src comp="20" pin="0"/><net_sink comp="310" pin=3"/></net>

<net id="324"><net_src comp="22" pin="0"/><net_sink comp="310" pin=4"/></net>

<net id="325"><net_src comp="24" pin="0"/><net_sink comp="310" pin=5"/></net>

<net id="326"><net_src comp="26" pin="0"/><net_sink comp="310" pin=6"/></net>

<net id="327"><net_src comp="28" pin="0"/><net_sink comp="310" pin=7"/></net>

<net id="338"><net_src comp="184" pin="0"/><net_sink comp="328" pin=0"/></net>

<net id="339"><net_src comp="30" pin="0"/><net_sink comp="328" pin=1"/></net>

<net id="340"><net_src comp="32" pin="0"/><net_sink comp="328" pin=2"/></net>

<net id="341"><net_src comp="34" pin="0"/><net_sink comp="328" pin=3"/></net>

<net id="342"><net_src comp="36" pin="0"/><net_sink comp="328" pin=4"/></net>

<net id="343"><net_src comp="38" pin="0"/><net_sink comp="328" pin=5"/></net>

<net id="344"><net_src comp="40" pin="0"/><net_sink comp="328" pin=6"/></net>

<net id="345"><net_src comp="42" pin="0"/><net_sink comp="328" pin=7"/></net>

<net id="356"><net_src comp="184" pin="0"/><net_sink comp="346" pin=0"/></net>

<net id="357"><net_src comp="44" pin="0"/><net_sink comp="346" pin=1"/></net>

<net id="358"><net_src comp="46" pin="0"/><net_sink comp="346" pin=2"/></net>

<net id="359"><net_src comp="48" pin="0"/><net_sink comp="346" pin=3"/></net>

<net id="360"><net_src comp="50" pin="0"/><net_sink comp="346" pin=4"/></net>

<net id="361"><net_src comp="52" pin="0"/><net_sink comp="346" pin=5"/></net>

<net id="362"><net_src comp="54" pin="0"/><net_sink comp="346" pin=6"/></net>

<net id="363"><net_src comp="56" pin="0"/><net_sink comp="346" pin=7"/></net>

<net id="374"><net_src comp="184" pin="0"/><net_sink comp="364" pin=0"/></net>

<net id="375"><net_src comp="58" pin="0"/><net_sink comp="364" pin=1"/></net>

<net id="376"><net_src comp="60" pin="0"/><net_sink comp="364" pin=2"/></net>

<net id="377"><net_src comp="62" pin="0"/><net_sink comp="364" pin=3"/></net>

<net id="378"><net_src comp="64" pin="0"/><net_sink comp="364" pin=4"/></net>

<net id="379"><net_src comp="66" pin="0"/><net_sink comp="364" pin=5"/></net>

<net id="380"><net_src comp="68" pin="0"/><net_sink comp="364" pin=6"/></net>

<net id="381"><net_src comp="70" pin="0"/><net_sink comp="364" pin=7"/></net>

<net id="392"><net_src comp="184" pin="0"/><net_sink comp="382" pin=0"/></net>

<net id="393"><net_src comp="72" pin="0"/><net_sink comp="382" pin=1"/></net>

<net id="394"><net_src comp="74" pin="0"/><net_sink comp="382" pin=2"/></net>

<net id="395"><net_src comp="76" pin="0"/><net_sink comp="382" pin=3"/></net>

<net id="396"><net_src comp="78" pin="0"/><net_sink comp="382" pin=4"/></net>

<net id="397"><net_src comp="80" pin="0"/><net_sink comp="382" pin=5"/></net>

<net id="398"><net_src comp="82" pin="0"/><net_sink comp="382" pin=6"/></net>

<net id="399"><net_src comp="84" pin="0"/><net_sink comp="382" pin=7"/></net>

<net id="410"><net_src comp="184" pin="0"/><net_sink comp="400" pin=0"/></net>

<net id="411"><net_src comp="86" pin="0"/><net_sink comp="400" pin=1"/></net>

<net id="412"><net_src comp="88" pin="0"/><net_sink comp="400" pin=2"/></net>

<net id="413"><net_src comp="90" pin="0"/><net_sink comp="400" pin=3"/></net>

<net id="414"><net_src comp="92" pin="0"/><net_sink comp="400" pin=4"/></net>

<net id="415"><net_src comp="94" pin="0"/><net_sink comp="400" pin=5"/></net>

<net id="416"><net_src comp="96" pin="0"/><net_sink comp="400" pin=6"/></net>

<net id="417"><net_src comp="98" pin="0"/><net_sink comp="400" pin=7"/></net>

<net id="428"><net_src comp="184" pin="0"/><net_sink comp="418" pin=0"/></net>

<net id="429"><net_src comp="100" pin="0"/><net_sink comp="418" pin=1"/></net>

<net id="430"><net_src comp="102" pin="0"/><net_sink comp="418" pin=2"/></net>

<net id="431"><net_src comp="104" pin="0"/><net_sink comp="418" pin=3"/></net>

<net id="432"><net_src comp="106" pin="0"/><net_sink comp="418" pin=4"/></net>

<net id="433"><net_src comp="108" pin="0"/><net_sink comp="418" pin=5"/></net>

<net id="434"><net_src comp="110" pin="0"/><net_sink comp="418" pin=6"/></net>

<net id="435"><net_src comp="112" pin="0"/><net_sink comp="418" pin=7"/></net>

<net id="446"><net_src comp="184" pin="0"/><net_sink comp="436" pin=0"/></net>

<net id="447"><net_src comp="114" pin="0"/><net_sink comp="436" pin=1"/></net>

<net id="448"><net_src comp="116" pin="0"/><net_sink comp="436" pin=2"/></net>

<net id="449"><net_src comp="118" pin="0"/><net_sink comp="436" pin=3"/></net>

<net id="450"><net_src comp="120" pin="0"/><net_sink comp="436" pin=4"/></net>

<net id="451"><net_src comp="122" pin="0"/><net_sink comp="436" pin=5"/></net>

<net id="452"><net_src comp="124" pin="0"/><net_sink comp="436" pin=6"/></net>

<net id="453"><net_src comp="126" pin="0"/><net_sink comp="436" pin=7"/></net>

<net id="471"><net_src comp="242" pin="0"/><net_sink comp="454" pin=0"/></net>

<net id="472"><net_src comp="2" pin="0"/><net_sink comp="454" pin=1"/></net>

<net id="473"><net_src comp="4" pin="0"/><net_sink comp="454" pin=2"/></net>

<net id="474"><net_src comp="6" pin="0"/><net_sink comp="454" pin=3"/></net>

<net id="475"><net_src comp="8" pin="0"/><net_sink comp="454" pin=4"/></net>

<net id="476"><net_src comp="10" pin="0"/><net_sink comp="454" pin=5"/></net>

<net id="477"><net_src comp="12" pin="0"/><net_sink comp="454" pin=6"/></net>

<net id="478"><net_src comp="14" pin="0"/><net_sink comp="454" pin=7"/></net>

<net id="479"><net_src comp="244" pin="0"/><net_sink comp="454" pin=9"/></net>

<net id="480"><net_src comp="244" pin="0"/><net_sink comp="454" pin=10"/></net>

<net id="481"><net_src comp="246" pin="0"/><net_sink comp="454" pin=11"/></net>

<net id="482"><net_src comp="248" pin="0"/><net_sink comp="454" pin=12"/></net>

<net id="483"><net_src comp="250" pin="0"/><net_sink comp="454" pin=13"/></net>

<net id="484"><net_src comp="252" pin="0"/><net_sink comp="454" pin=14"/></net>

<net id="490"><net_src comp="254" pin="0"/><net_sink comp="485" pin=0"/></net>

<net id="491"><net_src comp="144" pin="0"/><net_sink comp="485" pin=1"/></net>

<net id="495"><net_src comp="170" pin="0"/><net_sink comp="492" pin=0"/></net>

<net id="502"><net_src comp="492" pin="1"/><net_sink comp="496" pin=2"/></net>

<net id="503"><net_src comp="496" pin="4"/><net_sink comp="454" pin=8"/></net>

<net id="504"><net_src comp="496" pin="4"/><net_sink comp="485" pin=2"/></net>

<net id="513"><net_src comp="304" pin="2"/><net_sink comp="509" pin=0"/></net>

<net id="514"><net_src comp="182" pin="0"/><net_sink comp="509" pin=1"/></net>

<net id="518"><net_src comp="310" pin="8"/><net_sink comp="515" pin=0"/></net>

<net id="522"><net_src comp="310" pin="8"/><net_sink comp="519" pin=0"/></net>

<net id="526"><net_src comp="328" pin="8"/><net_sink comp="523" pin=0"/></net>

<net id="530"><net_src comp="328" pin="8"/><net_sink comp="527" pin=0"/></net>

<net id="534"><net_src comp="346" pin="8"/><net_sink comp="531" pin=0"/></net>

<net id="538"><net_src comp="346" pin="8"/><net_sink comp="535" pin=0"/></net>

<net id="542"><net_src comp="364" pin="8"/><net_sink comp="539" pin=0"/></net>

<net id="546"><net_src comp="364" pin="8"/><net_sink comp="543" pin=0"/></net>

<net id="550"><net_src comp="382" pin="8"/><net_sink comp="547" pin=0"/></net>

<net id="554"><net_src comp="382" pin="8"/><net_sink comp="551" pin=0"/></net>

<net id="558"><net_src comp="400" pin="8"/><net_sink comp="555" pin=0"/></net>

<net id="562"><net_src comp="418" pin="8"/><net_sink comp="559" pin=0"/></net>

<net id="566"><net_src comp="436" pin="8"/><net_sink comp="563" pin=0"/></net>

<net id="572"><net_src comp="298" pin="2"/><net_sink comp="567" pin=0"/></net>

<net id="573"><net_src comp="515" pin="1"/><net_sink comp="567" pin=1"/></net>

<net id="574"><net_src comp="170" pin="0"/><net_sink comp="567" pin=2"/></net>

<net id="579"><net_src comp="523" pin="1"/><net_sink comp="575" pin=0"/></net>

<net id="580"><net_src comp="567" pin="3"/><net_sink comp="575" pin=1"/></net>

<net id="586"><net_src comp="292" pin="2"/><net_sink comp="581" pin=0"/></net>

<net id="587"><net_src comp="575" pin="2"/><net_sink comp="581" pin=1"/></net>

<net id="588"><net_src comp="567" pin="3"/><net_sink comp="581" pin=2"/></net>

<net id="593"><net_src comp="531" pin="1"/><net_sink comp="589" pin=0"/></net>

<net id="594"><net_src comp="581" pin="3"/><net_sink comp="589" pin=1"/></net>

<net id="600"><net_src comp="286" pin="2"/><net_sink comp="595" pin=0"/></net>

<net id="601"><net_src comp="589" pin="2"/><net_sink comp="595" pin=1"/></net>

<net id="602"><net_src comp="581" pin="3"/><net_sink comp="595" pin=2"/></net>

<net id="607"><net_src comp="539" pin="1"/><net_sink comp="603" pin=0"/></net>

<net id="608"><net_src comp="595" pin="3"/><net_sink comp="603" pin=1"/></net>

<net id="614"><net_src comp="280" pin="2"/><net_sink comp="609" pin=0"/></net>

<net id="615"><net_src comp="603" pin="2"/><net_sink comp="609" pin=1"/></net>

<net id="616"><net_src comp="595" pin="3"/><net_sink comp="609" pin=2"/></net>

<net id="621"><net_src comp="547" pin="1"/><net_sink comp="617" pin=0"/></net>

<net id="622"><net_src comp="609" pin="3"/><net_sink comp="617" pin=1"/></net>

<net id="628"><net_src comp="274" pin="2"/><net_sink comp="623" pin=0"/></net>

<net id="629"><net_src comp="617" pin="2"/><net_sink comp="623" pin=1"/></net>

<net id="630"><net_src comp="609" pin="3"/><net_sink comp="623" pin=2"/></net>

<net id="635"><net_src comp="563" pin="1"/><net_sink comp="631" pin=0"/></net>

<net id="636"><net_src comp="559" pin="1"/><net_sink comp="631" pin=1"/></net>

<net id="641"><net_src comp="551" pin="1"/><net_sink comp="637" pin=0"/></net>

<net id="642"><net_src comp="555" pin="1"/><net_sink comp="637" pin=1"/></net>

<net id="647"><net_src comp="637" pin="2"/><net_sink comp="643" pin=0"/></net>

<net id="648"><net_src comp="631" pin="2"/><net_sink comp="643" pin=1"/></net>

<net id="653"><net_src comp="527" pin="1"/><net_sink comp="649" pin=0"/></net>

<net id="654"><net_src comp="519" pin="1"/><net_sink comp="649" pin=1"/></net>

<net id="659"><net_src comp="535" pin="1"/><net_sink comp="655" pin=0"/></net>

<net id="660"><net_src comp="543" pin="1"/><net_sink comp="655" pin=1"/></net>

<net id="665"><net_src comp="655" pin="2"/><net_sink comp="661" pin=0"/></net>

<net id="666"><net_src comp="649" pin="2"/><net_sink comp="661" pin=1"/></net>

<net id="671"><net_src comp="661" pin="2"/><net_sink comp="667" pin=0"/></net>

<net id="672"><net_src comp="643" pin="2"/><net_sink comp="667" pin=1"/></net>

<net id="686"><net_src comp="673" pin="1"/><net_sink comp="682" pin=0"/></net>

<net id="692"><net_src comp="682" pin="2"/><net_sink comp="687" pin=1"/></net>

<net id="697"><net_src comp="676" pin="1"/><net_sink comp="693" pin=0"/></net>

<net id="698"><net_src comp="687" pin="3"/><net_sink comp="693" pin=1"/></net>

<net id="704"><net_src comp="693" pin="2"/><net_sink comp="699" pin=1"/></net>

<net id="705"><net_src comp="687" pin="3"/><net_sink comp="699" pin=2"/></net>

<net id="710"><net_src comp="679" pin="1"/><net_sink comp="706" pin=0"/></net>

<net id="711"><net_src comp="699" pin="3"/><net_sink comp="706" pin=1"/></net>

<net id="717"><net_src comp="706" pin="2"/><net_sink comp="712" pin=1"/></net>

<net id="718"><net_src comp="699" pin="3"/><net_sink comp="712" pin=2"/></net>

<net id="722"><net_src comp="719" pin="1"/><net_sink comp="505" pin=1"/></net>

<net id="744"><net_src comp="200" pin="0"/><net_sink comp="723" pin=0"/></net>

<net id="745"><net_src comp="202" pin="0"/><net_sink comp="723" pin=1"/></net>

<net id="746"><net_src comp="204" pin="0"/><net_sink comp="723" pin=2"/></net>

<net id="747"><net_src comp="206" pin="0"/><net_sink comp="723" pin=3"/></net>

<net id="748"><net_src comp="208" pin="0"/><net_sink comp="723" pin=4"/></net>

<net id="749"><net_src comp="210" pin="0"/><net_sink comp="723" pin=5"/></net>

<net id="750"><net_src comp="212" pin="0"/><net_sink comp="723" pin=6"/></net>

<net id="751"><net_src comp="214" pin="0"/><net_sink comp="723" pin=7"/></net>

<net id="752"><net_src comp="216" pin="0"/><net_sink comp="723" pin=8"/></net>

<net id="753"><net_src comp="218" pin="0"/><net_sink comp="723" pin=9"/></net>

<net id="754"><net_src comp="220" pin="0"/><net_sink comp="723" pin=10"/></net>

<net id="755"><net_src comp="222" pin="0"/><net_sink comp="723" pin=11"/></net>

<net id="756"><net_src comp="224" pin="0"/><net_sink comp="723" pin=12"/></net>

<net id="757"><net_src comp="226" pin="0"/><net_sink comp="723" pin=13"/></net>

<net id="758"><net_src comp="228" pin="0"/><net_sink comp="723" pin=14"/></net>

<net id="759"><net_src comp="230" pin="0"/><net_sink comp="723" pin=15"/></net>

<net id="760"><net_src comp="232" pin="0"/><net_sink comp="723" pin=16"/></net>

<net id="761"><net_src comp="234" pin="0"/><net_sink comp="723" pin=17"/></net>

<net id="765"><net_src comp="723" pin="19"/><net_sink comp="762" pin=0"/></net>

<net id="766"><net_src comp="762" pin="1"/><net_sink comp="505" pin=0"/></net>

<net id="773"><net_src comp="236" pin="0"/><net_sink comp="767" pin=0"/></net>

<net id="774"><net_src comp="505" pin="2"/><net_sink comp="767" pin=1"/></net>

<net id="775"><net_src comp="238" pin="0"/><net_sink comp="767" pin=2"/></net>

<net id="776"><net_src comp="240" pin="0"/><net_sink comp="767" pin=3"/></net>

<net id="777"><net_src comp="767" pin="4"/><net_sink comp="496" pin=0"/></net>

<net id="781"><net_src comp="256" pin="2"/><net_sink comp="778" pin=0"/></net>

<net id="782"><net_src comp="778" pin="1"/><net_sink comp="712" pin=0"/></net>

<net id="786"><net_src comp="262" pin="2"/><net_sink comp="783" pin=0"/></net>

<net id="787"><net_src comp="783" pin="1"/><net_sink comp="699" pin=0"/></net>

<net id="791"><net_src comp="268" pin="2"/><net_sink comp="788" pin=0"/></net>

<net id="792"><net_src comp="788" pin="1"/><net_sink comp="687" pin=0"/></net>

<net id="811"><net_src comp="304" pin="2"/><net_sink comp="808" pin=0"/></net>

<net id="812"><net_src comp="808" pin="1"/><net_sink comp="723" pin=18"/></net>

<net id="816"><net_src comp="509" pin="2"/><net_sink comp="813" pin=0"/></net>

<net id="820"><net_src comp="400" pin="8"/><net_sink comp="817" pin=0"/></net>

<net id="821"><net_src comp="817" pin="1"/><net_sink comp="673" pin=0"/></net>

<net id="825"><net_src comp="418" pin="8"/><net_sink comp="822" pin=0"/></net>

<net id="826"><net_src comp="822" pin="1"/><net_sink comp="676" pin=0"/></net>

<net id="830"><net_src comp="436" pin="8"/><net_sink comp="827" pin=0"/></net>

<net id="831"><net_src comp="827" pin="1"/><net_sink comp="679" pin=0"/></net>

<net id="835"><net_src comp="623" pin="3"/><net_sink comp="832" pin=0"/></net>

<net id="836"><net_src comp="832" pin="1"/><net_sink comp="682" pin=1"/></net>

<net id="837"><net_src comp="832" pin="1"/><net_sink comp="687" pin=2"/></net>

<net id="841"><net_src comp="667" pin="2"/><net_sink comp="838" pin=0"/></net>

<net id="845"><net_src comp="712" pin="3"/><net_sink comp="842" pin=0"/></net>

<net id="846"><net_src comp="842" pin="1"/><net_sink comp="719" pin=0"/></net>

</net_list>

</model> 
---------------- Datapath Model END ------------------

* FSMD analyzer results:
  - Output states:
	Port: mix_out_V_data_V | {3 }
	Port: mix_out_V_keep_V | {3 }
	Port: mix_out_V_strb_V | {3 }
	Port: mix_out_V_user_V | {3 }
	Port: mix_out_V_last_V | {3 }
	Port: mix_out_V_id_V | {3 }
	Port: mix_out_V_dest_V | {3 }
	Port: stream_in_0_V_data_V | {}
	Port: stream_in_0_V_keep_V | {}
	Port: stream_in_0_V_strb_V | {}
	Port: stream_in_0_V_user_V | {}
	Port: stream_in_0_V_last_V | {}
	Port: stream_in_0_V_id_V | {}
	Port: stream_in_0_V_dest_V | {}
	Port: stream_in_1_V_data_V | {}
	Port: stream_in_1_V_keep_V | {}
	Port: stream_in_1_V_strb_V | {}
	Port: stream_in_1_V_user_V | {}
	Port: stream_in_1_V_last_V | {}
	Port: stream_in_1_V_id_V | {}
	Port: stream_in_1_V_dest_V | {}
	Port: stream_in_2_V_data_V | {}
	Port: stream_in_2_V_keep_V | {}
	Port: stream_in_2_V_strb_V | {}
	Port: stream_in_2_V_user_V | {}
	Port: stream_in_2_V_last_V | {}
	Port: stream_in_2_V_id_V | {}
	Port: stream_in_2_V_dest_V | {}
	Port: stream_in_3_V_data_V | {}
	Port: stream_in_3_V_keep_V | {}
	Port: stream_in_3_V_strb_V | {}
	Port: stream_in_3_V_user_V | {}
	Port: stream_in_3_V_last_V | {}
	Port: stream_in_3_V_id_V | {}
	Port: stream_in_3_V_dest_V | {}
	Port: stream_in_4_V_data_V | {}
	Port: stream_in_4_V_keep_V | {}
	Port: stream_in_4_V_strb_V | {}
	Port: stream_in_4_V_user_V | {}
	Port: stream_in_4_V_last_V | {}
	Port: stream_in_4_V_id_V | {}
	Port: stream_in_4_V_dest_V | {}
	Port: stream_in_5_V_data_V | {}
	Port: stream_in_5_V_keep_V | {}
	Port: stream_in_5_V_strb_V | {}
	Port: stream_in_5_V_user_V | {}
	Port: stream_in_5_V_last_V | {}
	Port: stream_in_5_V_id_V | {}
	Port: stream_in_5_V_dest_V | {}
	Port: stream_in_6_V_data_V | {}
	Port: stream_in_6_V_keep_V | {}
	Port: stream_in_6_V_strb_V | {}
	Port: stream_in_6_V_user_V | {}
	Port: stream_in_6_V_last_V | {}
	Port: stream_in_6_V_id_V | {}
	Port: stream_in_6_V_dest_V | {}
	Port: stream_in_7_V_data_V | {}
	Port: stream_in_7_V_keep_V | {}
	Port: stream_in_7_V_strb_V | {}
	Port: stream_in_7_V_user_V | {}
	Port: stream_in_7_V_last_V | {}
	Port: stream_in_7_V_id_V | {}
	Port: stream_in_7_V_dest_V | {}
	Port: out_pkt_data_out | {3 }
 - Input state : 
	Port: mixer_Pipeline_VITIS_LOOP_30_1 : active_14 | {1 }
	Port: mixer_Pipeline_VITIS_LOOP_30_1 : mix_out_V_data_V | {}
	Port: mixer_Pipeline_VITIS_LOOP_30_1 : mix_out_V_keep_V | {}
	Port: mixer_Pipeline_VITIS_LOOP_30_1 : mix_out_V_strb_V | {}
	Port: mixer_Pipeline_VITIS_LOOP_30_1 : mix_out_V_user_V | {}
	Port: mixer_Pipeline_VITIS_LOOP_30_1 : mix_out_V_last_V | {}
	Port: mixer_Pipeline_VITIS_LOOP_30_1 : mix_out_V_id_V | {}
	Port: mixer_Pipeline_VITIS_LOOP_30_1 : mix_out_V_dest_V | {}
	Port: mixer_Pipeline_VITIS_LOOP_30_1 : stream_in_0_V_data_V | {1 }
	Port: mixer_Pipeline_VITIS_LOOP_30_1 : stream_in_0_V_keep_V | {1 }
	Port: mixer_Pipeline_VITIS_LOOP_30_1 : stream_in_0_V_strb_V | {1 }
	Port: mixer_Pipeline_VITIS_LOOP_30_1 : stream_in_0_V_user_V | {1 }
	Port: mixer_Pipeline_VITIS_LOOP_30_1 : stream_in_0_V_last_V | {1 }
	Port: mixer_Pipeline_VITIS_LOOP_30_1 : stream_in_0_V_id_V | {1 }
	Port: mixer_Pipeline_VITIS_LOOP_30_1 : stream_in_0_V_dest_V | {1 }
	Port: mixer_Pipeline_VITIS_LOOP_30_1 : stream_in_1_V_data_V | {1 }
	Port: mixer_Pipeline_VITIS_LOOP_30_1 : stream_in_1_V_keep_V | {1 }
	Port: mixer_Pipeline_VITIS_LOOP_30_1 : stream_in_1_V_strb_V | {1 }
	Port: mixer_Pipeline_VITIS_LOOP_30_1 : stream_in_1_V_user_V | {1 }
	Port: mixer_Pipeline_VITIS_LOOP_30_1 : stream_in_1_V_last_V | {1 }
	Port: mixer_Pipeline_VITIS_LOOP_30_1 : stream_in_1_V_id_V | {1 }
	Port: mixer_Pipeline_VITIS_LOOP_30_1 : stream_in_1_V_dest_V | {1 }
	Port: mixer_Pipeline_VITIS_LOOP_30_1 : stream_in_2_V_data_V | {1 }
	Port: mixer_Pipeline_VITIS_LOOP_30_1 : stream_in_2_V_keep_V | {1 }
	Port: mixer_Pipeline_VITIS_LOOP_30_1 : stream_in_2_V_strb_V | {1 }
	Port: mixer_Pipeline_VITIS_LOOP_30_1 : stream_in_2_V_user_V | {1 }
	Port: mixer_Pipeline_VITIS_LOOP_30_1 : stream_in_2_V_last_V | {1 }
	Port: mixer_Pipeline_VITIS_LOOP_30_1 : stream_in_2_V_id_V | {1 }
	Port: mixer_Pipeline_VITIS_LOOP_30_1 : stream_in_2_V_dest_V | {1 }
	Port: mixer_Pipeline_VITIS_LOOP_30_1 : stream_in_3_V_data_V | {1 }
	Port: mixer_Pipeline_VITIS_LOOP_30_1 : stream_in_3_V_keep_V | {1 }
	Port: mixer_Pipeline_VITIS_LOOP_30_1 : stream_in_3_V_strb_V | {1 }
	Port: mixer_Pipeline_VITIS_LOOP_30_1 : stream_in_3_V_user_V | {1 }
	Port: mixer_Pipeline_VITIS_LOOP_30_1 : stream_in_3_V_last_V | {1 }
	Port: mixer_Pipeline_VITIS_LOOP_30_1 : stream_in_3_V_id_V | {1 }
	Port: mixer_Pipeline_VITIS_LOOP_30_1 : stream_in_3_V_dest_V | {1 }
	Port: mixer_Pipeline_VITIS_LOOP_30_1 : stream_in_4_V_data_V | {1 }
	Port: mixer_Pipeline_VITIS_LOOP_30_1 : stream_in_4_V_keep_V | {1 }
	Port: mixer_Pipeline_VITIS_LOOP_30_1 : stream_in_4_V_strb_V | {1 }
	Port: mixer_Pipeline_VITIS_LOOP_30_1 : stream_in_4_V_user_V | {1 }
	Port: mixer_Pipeline_VITIS_LOOP_30_1 : stream_in_4_V_last_V | {1 }
	Port: mixer_Pipeline_VITIS_LOOP_30_1 : stream_in_4_V_id_V | {1 }
	Port: mixer_Pipeline_VITIS_LOOP_30_1 : stream_in_4_V_dest_V | {1 }
	Port: mixer_Pipeline_VITIS_LOOP_30_1 : stream_in_5_V_data_V | {1 }
	Port: mixer_Pipeline_VITIS_LOOP_30_1 : stream_in_5_V_keep_V | {1 }
	Port: mixer_Pipeline_VITIS_LOOP_30_1 : stream_in_5_V_strb_V | {1 }
	Port: mixer_Pipeline_VITIS_LOOP_30_1 : stream_in_5_V_user_V | {1 }
	Port: mixer_Pipeline_VITIS_LOOP_30_1 : stream_in_5_V_last_V | {1 }
	Port: mixer_Pipeline_VITIS_LOOP_30_1 : stream_in_5_V_id_V | {1 }
	Port: mixer_Pipeline_VITIS_LOOP_30_1 : stream_in_5_V_dest_V | {1 }
	Port: mixer_Pipeline_VITIS_LOOP_30_1 : stream_in_6_V_data_V | {1 }
	Port: mixer_Pipeline_VITIS_LOOP_30_1 : stream_in_6_V_keep_V | {1 }
	Port: mixer_Pipeline_VITIS_LOOP_30_1 : stream_in_6_V_strb_V | {1 }
	Port: mixer_Pipeline_VITIS_LOOP_30_1 : stream_in_6_V_user_V | {1 }
	Port: mixer_Pipeline_VITIS_LOOP_30_1 : stream_in_6_V_last_V | {1 }
	Port: mixer_Pipeline_VITIS_LOOP_30_1 : stream_in_6_V_id_V | {1 }
	Port: mixer_Pipeline_VITIS_LOOP_30_1 : stream_in_6_V_dest_V | {1 }
	Port: mixer_Pipeline_VITIS_LOOP_30_1 : stream_in_7_V_data_V | {1 }
	Port: mixer_Pipeline_VITIS_LOOP_30_1 : stream_in_7_V_keep_V | {1 }
	Port: mixer_Pipeline_VITIS_LOOP_30_1 : stream_in_7_V_strb_V | {1 }
	Port: mixer_Pipeline_VITIS_LOOP_30_1 : stream_in_7_V_user_V | {1 }
	Port: mixer_Pipeline_VITIS_LOOP_30_1 : stream_in_7_V_last_V | {1 }
	Port: mixer_Pipeline_VITIS_LOOP_30_1 : stream_in_7_V_id_V | {1 }
	Port: mixer_Pipeline_VITIS_LOOP_30_1 : stream_in_7_V_dest_V | {1 }
	Port: mixer_Pipeline_VITIS_LOOP_30_1 : empty_16 | {1 }
	Port: mixer_Pipeline_VITIS_LOOP_30_1 : empty_17 | {1 }
	Port: mixer_Pipeline_VITIS_LOOP_30_1 : empty_18 | {1 }
	Port: mixer_Pipeline_VITIS_LOOP_30_1 : empty_19 | {1 }
	Port: mixer_Pipeline_VITIS_LOOP_30_1 : empty_20 | {1 }
	Port: mixer_Pipeline_VITIS_LOOP_30_1 : empty_21 | {1 }
	Port: mixer_Pipeline_VITIS_LOOP_30_1 : empty_22 | {1 }
	Port: mixer_Pipeline_VITIS_LOOP_30_1 : empty | {1 }
  - Chain level:
	State 1
		mix_int : 1
		mix_int_1 : 2
		mix_int_2 : 3
		mix_int_3 : 4
		mix_int_4 : 5
		mix_int_5 : 6
		mix_int_6 : 7
		mix_int_7 : 8
		mix_int_8 : 9
		br_ln65 : 1
		or_ln69 : 1
		or_ln69_1 : 1
		or_ln69_2 : 1
		or_ln69_3 : 1
		or_ln69_4 : 1
		or_ln69_5 : 1
		or_ln69_6 : 1
		br_ln69 : 1
	State 2
		mix_int_9 : 1
		mix_int_10 : 2
		mix_int_11 : 3
		mix_int_12 : 4
		mix_int_13 : 5
		mix_int_14 : 6
	State 3
		zext_ln65 : 1
		mul_ln65 : 2
		trunc_ln : 3
		out_pkt_data : 4
		write_ln74 : 5
		write_ln65 : 5


============================================================
+ Verbose Summary: Datapath Resource usage 
============================================================

* Functional unit list:
|----------|----------------------------|---------|---------|---------|
| Operation|       Functional Unit      |   DSP   |    FF   |   LUT   |
|----------|----------------------------|---------|---------|---------|
|          |      mix_int_1_fu_575      |    0    |    0    |    39   |
|          |      mix_int_3_fu_589      |    0    |    0    |    39   |
|          |      mix_int_5_fu_603      |    0    |    0    |    39   |
|    add   |      mix_int_7_fu_617      |    0    |    0    |    39   |
|          |      mix_int_9_fu_682      |    0    |    0    |    39   |
|          |      mix_int_11_fu_693     |    0    |    0    |    39   |
|          |      mix_int_13_fu_706     |    0    |    0    |    39   |
|----------|----------------------------|---------|---------|---------|
|          |       mix_int_fu_567       |    0    |    0    |    32   |
|          |      mix_int_2_fu_581      |    0    |    0    |    32   |
|          |      mix_int_4_fu_595      |    0    |    0    |    32   |
|  select  |      mix_int_6_fu_609      |    0    |    0    |    32   |
|          |      mix_int_8_fu_623      |    0    |    0    |    32   |
|          |      mix_int_10_fu_687     |    0    |    0    |    32   |
|          |      mix_int_12_fu_699     |    0    |    0    |    32   |
|          |      mix_int_14_fu_712     |    0    |    0    |    32   |
|----------|----------------------------|---------|---------|---------|
| sparsemux|    zext_ln65_cast_fu_723   |    0    |    0    |    43   |
|----------|----------------------------|---------|---------|---------|
|    mul   |       mul_ln65_fu_505      |    2    |    0    |    20   |
|----------|----------------------------|---------|---------|---------|
|          |       or_ln69_fu_631       |    0    |    0    |    2    |
|          |      or_ln69_1_fu_637      |    0    |    0    |    2    |
|          |      or_ln69_2_fu_643      |    0    |    0    |    2    |
|    or    |      or_ln69_3_fu_649      |    0    |    0    |    2    |
|          |      or_ln69_4_fu_655      |    0    |    0    |    2    |
|          |      or_ln69_5_fu_661      |    0    |    0    |    2    |
|          |      or_ln69_6_fu_667      |    0    |    0    |    2    |
|----------|----------------------------|---------|---------|---------|
|   icmp   |      icmp_ln65_fu_509      |    0    |    0    |    12   |
|----------|----------------------------|---------|---------|---------|
|          |       tmp_read_fu_256      |    0    |    0    |    0    |
|          |      tmp_1_read_fu_262     |    0    |    0    |    0    |
|          |      tmp_2_read_fu_268     |    0    |    0    |    0    |
|          |      tmp_3_read_fu_274     |    0    |    0    |    0    |
|          |      tmp_4_read_fu_280     |    0    |    0    |    0    |
|          |      tmp_5_read_fu_286     |    0    |    0    |    0    |
|          |      tmp_6_read_fu_292     |    0    |    0    |    0    |
|          |      tmp_7_read_fu_298     |    0    |    0    |    0    |
|   read   | active_14_read_read_fu_304 |    0    |    0    |    0    |
|          |    empty_27_read_fu_310    |    0    |    0    |    0    |
|          |    empty_28_read_fu_328    |    0    |    0    |    0    |
|          |    empty_29_read_fu_346    |    0    |    0    |    0    |
|          |    empty_30_read_fu_364    |    0    |    0    |    0    |
|          |    empty_31_read_fu_382    |    0    |    0    |    0    |
|          |    empty_32_read_fu_400    |    0    |    0    |    0    |
|          |    empty_33_read_fu_418    |    0    |    0    |    0    |
|          |    empty_34_read_fu_436    |    0    |    0    |    0    |
|----------|----------------------------|---------|---------|---------|
|   write  |   write_ln74_write_fu_454  |    0    |    0    |    0    |
|          |   write_ln65_write_fu_485  |    0    |    0    |    0    |
|----------|----------------------------|---------|---------|---------|
|          |       s0_data_fu_515       |    0    |    0    |    0    |
|          |       s0_last_fu_519       |    0    |    0    |    0    |
|          |       s1_data_fu_523       |    0    |    0    |    0    |
|          |       s1_last_fu_527       |    0    |    0    |    0    |
|          |       s2_data_fu_531       |    0    |    0    |    0    |
|          |       s2_last_fu_535       |    0    |    0    |    0    |
|          |       s3_data_fu_539       |    0    |    0    |    0    |
|extractvalue|       s3_last_fu_543       |    0    |    0    |    0    |
|          |       s4_data_fu_547       |    0    |    0    |    0    |
|          |       s4_last_fu_551       |    0    |    0    |    0    |
|          |       s5_last_fu_555       |    0    |    0    |    0    |
|          |       s6_last_fu_559       |    0    |    0    |    0    |
|          |       s7_last_fu_563       |    0    |    0    |    0    |
|          |       s5_data_fu_673       |    0    |    0    |    0    |
|          |       s6_data_fu_676       |    0    |    0    |    0    |
|          |       s7_data_fu_679       |    0    |    0    |    0    |
|----------|----------------------------|---------|---------|---------|
|   sext   |      sext_ln65_fu_719      |    0    |    0    |    0    |
|----------|----------------------------|---------|---------|---------|
|   zext   |      zext_ln65_fu_762      |    0    |    0    |    0    |
|----------|----------------------------|---------|---------|---------|
|partselect|       trunc_ln_fu_767      |    0    |    0    |    0    |
|----------|----------------------------|---------|---------|---------|
|   Total  |                            |    2    |    0    |   618   |
|----------|----------------------------|---------|---------|---------|

Memories:
N/A

* Register list:
+----------------------+--------+
|                      |   FF   |
+----------------------+--------+
|active_14_read_reg_808|    4   |
|   empty_32_reg_817   |   54   |
|   empty_33_reg_822   |   54   |
|   empty_34_reg_827   |   54   |
|   icmp_ln65_reg_813  |    1   |
|  mix_int_14_reg_842  |   32   |
|   mix_int_8_reg_832  |   32   |
|   or_ln69_6_reg_838  |    1   |
| out_pkt_data_reg_492 |   32   |
|     tmp_1_reg_783    |    1   |
|     tmp_2_reg_788    |    1   |
|      tmp_reg_778     |    1   |
+----------------------+--------+
|         Total        |   267  |
+----------------------+--------+

* Multiplexer (MUX) list: 
|--------|------|------|------|--------|
|  Comp  |  Pin | Size |  BW  | S x BW |
|--------|------|------|------|--------|
|  Total |      |      |      |    0   |
|--------|------|------|------|--------|



* Summary:
+-----------+--------+--------+--------+
|           |   DSP  |   FF   |   LUT  |
+-----------+--------+--------+--------+
|  Function |    2   |    0   |   618  |
|   Memory  |    -   |    -   |    -   |
|Multiplexer|    -   |    -   |    -   |
|  Register |    -   |   267  |    -   |
+-----------+--------+--------+--------+
|   Total   |    2   |   267  |   618  |
+-----------+--------+--------+--------+
